{"id": "chunk_0_200", "start_word": 0, "end_word": 199, "text": "First Impression of Soft Madame – Regirl ✨ 🇳🇬 Skip to content 🚚 Same-day Lagos Delivery (Cut-Off: 3PM). SHOP NOW 🚚 Same-day Lagos Delivery (Cut-Off: 3PM). SHOP NOW Shop All Shop All Shop Styles All Wigs Layered Wigs Bouncy Curl Wigs Highlight Wigs Straight Hair Wigs Fringe Wigs Headband Wigs Ponytails Closure Wigs Shop Styles All Wigs Layered Wigs Bouncy Curl Wigs Highlight Wigs Straight Hair Wigs Fringe Wigs Headband Wigs Ponytails Closure Wigs Shop Your Vibe Glam era Pony era Bob era Grab n Go Shop Your Vibe Glam era Pony era Bob era Grab n Go Shop More Gift Cards Shop More Gift Cards Just for you Pop Princess ₦80,000.00 Sweet Siren ₦85,000.00 Behind Regirl Behind Regirl About the Science BTS Streak Rewards Cart 0 0 items Search Enter keywords to see quick results Popular Search Cherry Locks Cherry Locks Cherry Locks Cherry Locks Regular price ₦55,000.00 Sale price ₦55,000.00 🎉 City Charmer City Charmer City Charmer City Charmer Regular price ₦60,000.00 Sale price ₦60,000.00 🎉 Classic Cougar Classic Cougar Classic Cougar Classic Cougar Regular price ₦70,000.00 Sale price ₦70,000.00 🎉 Sold out Cosmo Chic Cosmo Chic Cosmo Chic Cosmo Chic Regular price ₦55,000.00 Sale price ₦55,000.00 🎉", "source": "html_files\\blogs\\news\\first-impression-of-soft-madame.html", "chunk_index": 0, "title": "First Impression of Soft Madame\n– Regirl ✨ 🇳🇬", "headings": ["Just for you", "Popular Search", "Cherry Locks", "Cherry Locks", "Cherry Locks", "Cherry Locks", "City Charmer", "City Charmer", "City Charmer", "City Charmer", "Classic Cougar", "Classic Cougar", "Classic Cougar", "Classic Cougar", "Cosmo Chic", "Cosmo Chic", "Cosmo Chic", "Cosmo Chic", "Just for you", "First Impression of Soft Madame", "Quick viewSelect variant", "Cart"], "links": [{"text": "Skip to content", "href": "first-impression-of-soft-madame.html#mainContent"}, {"text": "SHOP NOW", "href": "../../collections/all.html"}, {"text": "SHOP NOW", "href": "../../collections/all.html"}, {"text": "", "href": "../../index.html"}, {"text": "Shop Styles", "href": "first-impression-of-soft-madame.html#"}, {"text": "All Wigs", "href": "../../collections/all.html"}, {"text": "Layered Wigs", "href": "../../collections/layered-hair-extensions-hairstyles.html"}, {"text": "Bouncy Curl Wigs", "href": "../../collections/curly-hair-extensions-hairstyles.html"}, {"text": "Highlight Wigs", "href": "../../collections/highlight-wigs.html"}, {"text": "Straight Hair Wigs", "href": "../../collections/straight-hair-extensions-hairstyles.html"}, {"text": "Fringe Wigs", "href": "../../collections/fringe-wigs.html"}, {"text": "Headband Wigs", "href": "../../collections/headband-wigs.html"}, {"text": "Ponytails", "href": "../../collections/pony-girl.html"}, {"text": "Closure Wigs", "href": "../../collections/closure-wigs.html"}, {"text": "All Wigs", "href": "../../collections/all.html"}, {"text": "Layered Wigs", "href": "../../collections/layered-hair-extensions-hairstyles.html"}, {"text": "Bouncy Curl Wigs", "href": "../../collections/curly-hair-extensions-hairstyles.html"}, {"text": "Highlight Wigs", "href": "../../collections/highlight-wigs.html"}, {"text": "Straight Hair Wigs", "href": "../../collections/straight-hair-extensions-hairstyles.html"}, {"text": "Fringe Wigs", "href": "../../collections/fringe-wigs.html"}, {"text": "Headband Wigs", "href": "../../collections/headband-wigs.html"}, {"text": "Ponytails", "href": "../../collections/pony-girl.html"}, {"text": "Closure Wigs", "href": "../../collections/closure-wigs.html"}, {"text": "Shop Your Vibe", "href": "first-impression-of-soft-madame.html#"}, {"text": "Glam era", "href": "../../collections/glam-girl.html"}, {"text": "Pony era", "href": "../../collections/pony-girl.html"}, {"text": "Bob era", "href": "../../collections/bob-girl.html"}, {"text": "Grab n Go", "href": "../../collections/grab-n-go-era.html"}, {"text": "Glam era", "href": "../../collections/glam-girl.html"}, {"text": "Pony era", "href": "../../collections/pony-girl.html"}, {"text": "Bob era", "href": "../../collections/bob-girl.html"}, {"text": "Grab n Go", "href": "../../collections/grab-n-go-era.html"}, {"text": "Shop More", "href": "first-impression-of-soft-madame.html#"}, {"text": "Gift Cards", "href": "../../pages/gift-cards.html"}, {"text": "Gift Cards", "href": "../../pages/gift-cards.html"}, {"text": "", "href": "../../products/pop-princess.html"}, {"text": "Pop Princess", "href": "../../products/pop-princess.html"}, {"text": "", "href": "../../products/sweet-siren.html"}, {"text": "Sweet Siren", "href": "../../products/sweet-siren.html"}, {"text": "About the Science", "href": "../../pages/about-the-science.html"}, {"text": "BTS", "href": "../../pages/natural-girl-bts.html"}, {"text": "Streak Rewards", "href": "../../pages/natural-girl-streak-star-rewards.html"}, {"text": "", "href": "https://www.regirlworld.ng/search"}, {"text": "", "href": "https://account.regirlworld.ng?locale=en&region_country=NG"}, {"text": "Cart00 items", "href": "https://www.regirlworld.ng/cart"}, {"text": "", "href": "../../collections/bob-girl/products/cherry-locks.html"}, {"text": "Cherry Locks", "href": "../../collections/bob-girl/products/cherry-locks.html"}, {"text": "Cherry Locks", "href": "../../collections/bob-girl/products/cherry-locks.html"}, {"text": "Cherry Locks", "href": "../../collections/bob-girl/products/cherry-locks.html"}, {"text": "Cherry Locks", "href": "../../collections/bob-girl/products/cherry-locks.html"}, {"text": "", "href": "../../collections/bob-girl/products/city-charmer.html"}, {"text": "City Charmer", "href": "../../collections/bob-girl/products/city-charmer.html"}, {"text": "City Charmer", "href": "../../collections/bob-girl/products/city-charmer.html"}, {"text": "City Charmer", "href": "../../collections/bob-girl/products/city-charmer.html"}, {"text": "City Charmer", "href": "../../collections/bob-girl/products/city-charmer.html"}, {"text": "", "href": "../../collections/curlie-girl/products/classic-cougar.html"}, {"text": "Classic Cougar", "href": "../../collections/curlie-girl/products/classic-cougar.html"}, {"text": "Classic Cougar", "href": "../../collections/curlie-girl/products/classic-cougar.html"}, {"text": "Classic Cougar", "href": "../../collections/curlie-girl/products/classic-cougar.html"}, {"text": "Classic Cougar", "href": "../../collections/curlie-girl/products/classic-cougar.html"}, {"text": "", "href": "../../collections/curlie-girl/products/cosmo-chic.html"}, {"text": "Cosmo Chic", "href": "../../collections/curlie-girl/products/cosmo-chic.html"}, {"text": "Cosmo Chic", "href": "../../collections/curlie-girl/products/cosmo-chic.html"}, {"text": "Cosmo Chic", "href": "../../collections/curlie-girl/products/cosmo-chic.html"}, {"text": "Cosmo Chic", "href": "../../collections/curlie-girl/products/cosmo-chic.html"}, {"text": "Shop All", "href": "first-impression-of-soft-madame.html#"}, {"text": "Shop Styles", "href": "first-impression-of-soft-madame.html#"}, {"text": "All Wigs", "href": "../../collections/all.html"}, {"text": "Layered Wigs", "href": "../../collections/layered-hair-extensions-hairstyles.html"}, {"text": "Bouncy Curl Wigs", "href": "../../collections/curly-hair-extensions-hairstyles.html"}, {"text": "Highlight Wigs", "href": "../../collections/highlight-wigs.html"}, {"text": "Straight Hair Wigs", "href": "../../collections/straight-hair-extensions-hairstyles.html"}, {"text": "Fringe Wigs", "href": "../../collections/fringe-wigs.html"}, {"text": "Headband Wigs", "href": "../../collections/headband-wigs.html"}, {"text": "Ponytails", "href": "../../collections/pony-girl.html"}, {"text": "Closure Wigs", "href": "../../collections/closure-wigs.html"}, {"text": "Shop Your Vibe", "href": "first-impression-of-soft-madame.html#"}, {"text": "Glam era", "href": "../../collections/glam-girl.html"}, {"text": "Pony era", "href": "../../collections/pony-girl.html"}, {"text": "Bob era", "href": "../../collections/bob-girl.html"}, {"text": "Grab n Go", "href": "../../collections/grab-n-go-era.html"}, {"text": "Shop More", "href": "first-impression-of-soft-madame.html#"}, {"text": "Gift Cards", "href": "../../pages/gift-cards.html"}, {"text": "Behind Regirl", "href": "first-impression-of-soft-madame.html#"}, {"text": "About the Science", "href": "../../pages/about-the-science.html"}, {"text": "BTS", "href": "../../pages/natural-girl-bts.html"}, {"text": "Streak Rewards", "href": "../../pages/natural-girl-streak-star-rewards.html"}, {"text": "Account", "href": "first-impression-of-soft-madame.html#"}, {"text": "Login", "href": "https://www.regirlworld.ng/blogs/news/href"}, {"text": "Create Account", "href": "https://www.regirlworld.ng/blogs/news/href"}, {"text": "", "href": "../../products/pop-princess.html"}, {"text": "Pop Princess", "href": "../../products/pop-princess.html"}, {"text": "", "href": "../../products/sweet-siren.html"}, {"text": "Sweet Siren", "href": "../../products/sweet-siren.html"}, {"text": "Home", "href": "../../index.html"}, {"text": "News", "href": "../news.1.html"}, {"text": "Previous", "href": "first-impression-of-ripple-flex.html"}, {"text": "Next", "href": "first-impression-of-sweet-siren.html"}, {"text": "support@regirlworld.com", "href": "mailto:support@regirlworld.com"}, {"text": "Message us on WhatsApp", "href": "https:// wa.link/8lecga"}, {"text": "", "href": "https://www.instagram.com/regirlworld/"}, {"text": "", "href": "https://x.com/regirlworld"}, {"text": "", "href": "https://www.tiktok.com/@regirlworld"}, {"text": "Gift Cards", "href": "../../pages/gift-cards.html"}, {"text": "Affiliate Program", "href": "../../pages/affiliate.html"}, {"text": "Return Policy", "href": "../../pages/return-policy.html"}, {"text": "Shipping Information", "href": "../../pages/shipping-delivery-policy.html"}, {"text": "Delivery Information", "href": "../../pages/delivery-info.html"}, {"text": "Loyalty Program and Streak Rewards", "href": "../../pages/loyalty-program.html"}, {"text": "Soft Madame", "href": "../../products/soft-madame.html"}, {"text": "Spicy Icon", "href": "../../products/spicy-icon.html"}, {"text": "Dreamy Halo", "href": "../../products/dreamy-halo.html"}, {"text": "Sweet Siren", "href": "../../products/sweet-siren.html"}, {"text": "Retro Flair", "href": "../../products/retro-flair.html"}, {"text": "Fine Fox", "href": "../../products/fine-fox.html"}, {"text": "Cherry Locks", "href": "../../collections/bob-girl/products/cherry-locks.html"}, {"text": "First Impression of Soft Madame", "href": "first-impression-of-soft-madame.html"}, {"text": "First Impression of Fine Fox", "href": "first-impression-of-fine-fox.html"}, {"text": "First Impression of Sweet Siren", "href": "first-impression-of-sweet-siren.html"}, {"text": "First Impression of Dreamy Halo", "href": "first-impression-of-dreamy-halo.html"}, {"text": "First Impression of Midnight Muse", "href": "first-impression-of-midnight-muse.html"}, {"text": "Regirl ✨ 🇳🇬", "href": "../../index.html"}, {"text": "", "href": "https://www.shopify.com?utm_campaign=poweredby&utm_medium=shopify&utm_source=onlinestore"}, {"text": "Continue shopping", "href": "../../collections/all.html"}, {"text": "View cart ()", "href": "https://www.regirlworld.ng/cart"}]}
{"id": "chunk_150_350", "start_word": 150, "end_word": 349, "text": "price ₦55,000.00 🎉 City Charmer City Charmer City Charmer City Charmer Regular price ₦60,000.00 Sale price ₦60,000.00 🎉 Classic Cougar Classic Cougar Classic Cougar Classic Cougar Regular price ₦70,000.00 Sale price ₦70,000.00 🎉 Sold out Cosmo Chic Cosmo Chic Cosmo Chic Cosmo Chic Regular price ₦55,000.00 Sale price ₦55,000.00 🎉 Shop All Shop Styles All Wigs Layered Wigs Bouncy Curl Wigs Highlight Wigs Straight Hair Wigs Fringe Wigs Headband Wigs Ponytails Closure Wigs Shop Your Vibe Glam era Pony era Bob era Grab n Go Shop More Gift Cards Behind Regirl About the Science BTS Streak Rewards Account Login Create Account Just for you Pop Princess ₦80,000.00 Sweet Siren ₦85,000.00 Home News First Impression of Soft Madame First Impression of Soft Madame Aug 29, 2025 • By Uche Ogbonna Up-close. Fresh out of the box. Zero filters. A first impression video showing you real-time unboxing, installs, and glam girl try-ons. Get a first look at our wigs in action, installs, texture reveals, and all the pretty details that make Soft Madame is THAT girl. This is where glam begins ✨ Previous Next Back to top Effortless Glam straight out of the box. support@regirlworld.com Message us on WhatsApp Our inner circle", "source": "html_files\\blogs\\news\\first-impression-of-soft-madame.html", "chunk_index": 1, "title": "First Impression of Soft Madame\n– Regirl ✨ 🇳🇬", "headings": ["Just for you", "Popular Search", "Cherry Locks", "Cherry Locks", "Cherry Locks", "Cherry Locks", "City Charmer", "City Charmer", "City Charmer", "City Charmer", "Classic Cougar", "Classic Cougar", "Classic Cougar", "Classic Cougar", "Cosmo Chic", "Cosmo Chic", "Cosmo Chic", "Cosmo Chic", "Just for you", "First Impression of Soft Madame", "Quick viewSelect variant", "Cart"], "links": [{"text": "Skip to content", "href": "first-impression-of-soft-madame.html#mainContent"}, {"text": "SHOP NOW", "href": "../../collections/all.html"}, {"text": "SHOP NOW", "href": "../../collections/all.html"}, {"text": "", "href": "../../index.html"}, {"text": "Shop Styles", "href": "first-impression-of-soft-madame.html#"}, {"text": "All Wigs", "href": "../../collections/all.html"}, {"text": "Layered Wigs", "href": "../../collections/layered-hair-extensions-hairstyles.html"}, {"text": "Bouncy Curl Wigs", "href": "../../collections/curly-hair-extensions-hairstyles.html"}, {"text": "Highlight Wigs", "href": "../../collections/highlight-wigs.html"}, {"text": "Straight Hair Wigs", "href": "../../collections/straight-hair-extensions-hairstyles.html"}, {"text": "Fringe Wigs", "href": "../../collections/fringe-wigs.html"}, {"text": "Headband Wigs", "href": "../../collections/headband-wigs.html"}, {"text": "Ponytails", "href": "../../collections/pony-girl.html"}, {"text": "Closure Wigs", "href": "../../collections/closure-wigs.html"}, {"text": "All Wigs", "href": "../../collections/all.html"}, {"text": "Layered Wigs", "href": "../../collections/layered-hair-extensions-hairstyles.html"}, {"text": "Bouncy Curl Wigs", "href": "../../collections/curly-hair-extensions-hairstyles.html"}, {"text": "Highlight Wigs", "href": "../../collections/highlight-wigs.html"}, {"text": "Straight Hair Wigs", "href": "../../collections/straight-hair-extensions-hairstyles.html"}, {"text": "Fringe Wigs", "href": "../../collections/fringe-wigs.html"}, {"text": "Headband Wigs", "href": "../../collections/headband-wigs.html"}, {"text": "Ponytails", "href": "../../collections/pony-girl.html"}, {"text": "Closure Wigs", "href": "../../collections/closure-wigs.html"}, {"text": "Shop Your Vibe", "href": "first-impression-of-soft-madame.html#"}, {"text": "Glam era", "href": "../../collections/glam-girl.html"}, {"text": "Pony era", "href": "../../collections/pony-girl.html"}, {"text": "Bob era", "href": "../../collections/bob-girl.html"}, {"text": "Grab n Go", "href": "../../collections/grab-n-go-era.html"}, {"text": "Glam era", "href": "../../collections/glam-girl.html"}, {"text": "Pony era", "href": "../../collections/pony-girl.html"}, {"text": "Bob era", "href": "../../collections/bob-girl.html"}, {"text": "Grab n Go", "href": "../../collections/grab-n-go-era.html"}, {"text": "Shop More", "href": "first-impression-of-soft-madame.html#"}, {"text": "Gift Cards", "href": "../../pages/gift-cards.html"}, {"text": "Gift Cards", "href": "../../pages/gift-cards.html"}, {"text": "", "href": "../../products/pop-princess.html"}, {"text": "Pop Princess", "href": "../../products/pop-princess.html"}, {"text": "", "href": "../../products/sweet-siren.html"}, {"text": "Sweet Siren", "href": "../../products/sweet-siren.html"}, {"text": "About the Science", "href": "../../pages/about-the-science.html"}, {"text": "BTS", "href": "../../pages/natural-girl-bts.html"}, {"text": "Streak Rewards", "href": "../../pages/natural-girl-streak-star-rewards.html"}, {"text": "", "href": "https://www.regirlworld.ng/search"}, {"text": "", "href": "https://account.regirlworld.ng?locale=en&region_country=NG"}, {"text": "Cart00 items", "href": "https://www.regirlworld.ng/cart"}, {"text": "", "href": "../../collections/bob-girl/products/cherry-locks.html"}, {"text": "Cherry Locks", "href": "../../collections/bob-girl/products/cherry-locks.html"}, {"text": "Cherry Locks", "href": "../../collections/bob-girl/products/cherry-locks.html"}, {"text": "Cherry Locks", "href": "../../collections/bob-girl/products/cherry-locks.html"}, {"text": "Cherry Locks", "href": "../../collections/bob-girl/products/cherry-locks.html"}, {"text": "", "href": "../../collections/bob-girl/products/city-charmer.html"}, {"text": "City Charmer", "href": "../../collections/bob-girl/products/city-charmer.html"}, {"text": "City Charmer", "href": "../../collections/bob-girl/products/city-charmer.html"}, {"text": "City Charmer", "href": "../../collections/bob-girl/products/city-charmer.html"}, {"text": "City Charmer", "href": "../../collections/bob-girl/products/city-charmer.html"}, {"text": "", "href": "../../collections/curlie-girl/products/classic-cougar.html"}, {"text": "Classic Cougar", "href": "../../collections/curlie-girl/products/classic-cougar.html"}, {"text": "Classic Cougar", "href": "../../collections/curlie-girl/products/classic-cougar.html"}, {"text": "Classic Cougar", "href": "../../collections/curlie-girl/products/classic-cougar.html"}, {"text": "Classic Cougar", "href": "../../collections/curlie-girl/products/classic-cougar.html"}, {"text": "", "href": "../../collections/curlie-girl/products/cosmo-chic.html"}, {"text": "Cosmo Chic", "href": "../../collections/curlie-girl/products/cosmo-chic.html"}, {"text": "Cosmo Chic", "href": "../../collections/curlie-girl/products/cosmo-chic.html"}, {"text": "Cosmo Chic", "href": "../../collections/curlie-girl/products/cosmo-chic.html"}, {"text": "Cosmo Chic", "href": "../../collections/curlie-girl/products/cosmo-chic.html"}, {"text": "Shop All", "href": "first-impression-of-soft-madame.html#"}, {"text": "Shop Styles", "href": "first-impression-of-soft-madame.html#"}, {"text": "All Wigs", "href": "../../collections/all.html"}, {"text": "Layered Wigs", "href": "../../collections/layered-hair-extensions-hairstyles.html"}, {"text": "Bouncy Curl Wigs", "href": "../../collections/curly-hair-extensions-hairstyles.html"}, {"text": "Highlight Wigs", "href": "../../collections/highlight-wigs.html"}, {"text": "Straight Hair Wigs", "href": "../../collections/straight-hair-extensions-hairstyles.html"}, {"text": "Fringe Wigs", "href": "../../collections/fringe-wigs.html"}, {"text": "Headband Wigs", "href": "../../collections/headband-wigs.html"}, {"text": "Ponytails", "href": "../../collections/pony-girl.html"}, {"text": "Closure Wigs", "href": "../../collections/closure-wigs.html"}, {"text": "Shop Your Vibe", "href": "first-impression-of-soft-madame.html#"}, {"text": "Glam era", "href": "../../collections/glam-girl.html"}, {"text": "Pony era", "href": "../../collections/pony-girl.html"}, {"text": "Bob era", "href": "../../collections/bob-girl.html"}, {"text": "Grab n Go", "href": "../../collections/grab-n-go-era.html"}, {"text": "Shop More", "href": "first-impression-of-soft-madame.html#"}, {"text": "Gift Cards", "href": "../../pages/gift-cards.html"}, {"text": "Behind Regirl", "href": "first-impression-of-soft-madame.html#"}, {"text": "About the Science", "href": "../../pages/about-the-science.html"}, {"text": "BTS", "href": "../../pages/natural-girl-bts.html"}, {"text": "Streak Rewards", "href": "../../pages/natural-girl-streak-star-rewards.html"}, {"text": "Account", "href": "first-impression-of-soft-madame.html#"}, {"text": "Login", "href": "https://www.regirlworld.ng/blogs/news/href"}, {"text": "Create Account", "href": "https://www.regirlworld.ng/blogs/news/href"}, {"text": "", "href": "../../products/pop-princess.html"}, {"text": "Pop Princess", "href": "../../products/pop-princess.html"}, {"text": "", "href": "../../products/sweet-siren.html"}, {"text": "Sweet Siren", "href": "../../products/sweet-siren.html"}, {"text": "Home", "href": "../../index.html"}, {"text": "News", "href": "../news.1.html"}, {"text": "Previous", "href": "first-impression-of-ripple-flex.html"}, {"text": "Next", "href": "first-impression-of-sweet-siren.html"}, {"text": "support@regirlworld.com", "href": "mailto:support@regirlworld.com"}, {"text": "Message us on WhatsApp", "href": "https:// wa.link/8lecga"}, {"text": "", "href": "https://www.instagram.com/regirlworld/"}, {"text": "", "href": "https://x.com/regirlworld"}, {"text": "", "href": "https://www.tiktok.com/@regirlworld"}, {"text": "Gift Cards", "href": "../../pages/gift-cards.html"}, {"text": "Affiliate Program", "href": "../../pages/affiliate.html"}, {"text": "Return Policy", "href": "../../pages/return-policy.html"}, {"text": "Shipping Information", "href": "../../pages/shipping-delivery-policy.html"}, {"text": "Delivery Information", "href": "../../pages/delivery-info.html"}, {"text": "Loyalty Program and Streak Rewards", "href": "../../pages/loyalty-program.html"}, {"text": "Soft Madame", "href": "../../products/soft-madame.html"}, {"text": "Spicy Icon", "href": "../../products/spicy-icon.html"}, {"text": "Dreamy Halo", "href": "../../products/dreamy-halo.html"}, {"text": "Sweet Siren", "href": "../../products/sweet-siren.html"}, {"text": "Retro Flair", "href": "../../products/retro-flair.html"}, {"text": "Fine Fox", "href": "../../products/fine-fox.html"}, {"text": "Cherry Locks", "href": "../../collections/bob-girl/products/cherry-locks.html"}, {"text": "First Impression of Soft Madame", "href": "first-impression-of-soft-madame.html"}, {"text": "First Impression of Fine Fox", "href": "first-impression-of-fine-fox.html"}, {"text": "First Impression of Sweet Siren", "href": "first-impression-of-sweet-siren.html"}, {"text": "First Impression of Dreamy Halo", "href": "first-impression-of-dreamy-halo.html"}, {"text": "First Impression of Midnight Muse", "href": "first-impression-of-midnight-muse.html"}, {"text": "Regirl ✨ 🇳🇬", "href": "../../index.html"}, {"text": "", "href": "https://www.shopify.com?utm_campaign=poweredby&utm_medium=shopify&utm_source=onlinestore"}, {"text": "Continue shopping", "href": "../../collections/all.html"}, {"text": "View cart ()", "href": "https://www.regirlworld.ng/cart"}]}
{"id": "chunk_300_475", "start_word": 300, "end_word": 474, "text": "Get a first look at our wigs in action, installs, texture reveals, and all the pretty details that make Soft Madame is THAT girl. This is where glam begins ✨ Previous Next Back to top Effortless Glam straight out of the box. support@regirlworld.com Message us on WhatsApp Our inner circle is a party! Stay up to date with product launches, exclusive events, community treats & sweet deals straight to your inbox. Email Subscribe Resources Gift Cards Affiliate Program Return Policy Shipping Information Delivery Information Loyalty Program and Streak Rewards Best Sellers Soft Madame Spicy Icon Dreamy Halo Sweet Siren Retro Flair Fine Fox Cherry Locks First Impressions First Impression of Soft Madame First Impression of Fine Fox First Impression of Sweet Siren First Impression of Dreamy Halo First Impression of Midnight Muse © Regirl ✨ 🇳🇬 Payment methods Quick view Select variant Cart 0 Your cart is empty Continue shopping > Product added to cart! View cart ( ) Check out Choosing a selection results in a full page refresh. Opens in a new window.", "source": "html_files\\blogs\\news\\first-impression-of-soft-madame.html", "chunk_index": 2, "title": "First Impression of Soft Madame\n– Regirl ✨ 🇳🇬", "headings": ["Just for you", "Popular Search", "Cherry Locks", "Cherry Locks", "Cherry Locks", "Cherry Locks", "City Charmer", "City Charmer", "City Charmer", "City Charmer", "Classic Cougar", "Classic Cougar", "Classic Cougar", "Classic Cougar", "Cosmo Chic", "Cosmo Chic", "Cosmo Chic", "Cosmo Chic", "Just for you", "First Impression of Soft Madame", "Quick viewSelect variant", "Cart"], "links": [{"text": "Skip to content", "href": "first-impression-of-soft-madame.html#mainContent"}, {"text": "SHOP NOW", "href": "../../collections/all.html"}, {"text": "SHOP NOW", "href": "../../collections/all.html"}, {"text": "", "href": "../../index.html"}, {"text": "Shop Styles", "href": "first-impression-of-soft-madame.html#"}, {"text": "All Wigs", "href": "../../collections/all.html"}, {"text": "Layered Wigs", "href": "../../collections/layered-hair-extensions-hairstyles.html"}, {"text": "Bouncy Curl Wigs", "href": "../../collections/curly-hair-extensions-hairstyles.html"}, {"text": "Highlight Wigs", "href": "../../collections/highlight-wigs.html"}, {"text": "Straight Hair Wigs", "href": "../../collections/straight-hair-extensions-hairstyles.html"}, {"text": "Fringe Wigs", "href": "../../collections/fringe-wigs.html"}, {"text": "Headband Wigs", "href": "../../collections/headband-wigs.html"}, {"text": "Ponytails", "href": "../../collections/pony-girl.html"}, {"text": "Closure Wigs", "href": "../../collections/closure-wigs.html"}, {"text": "All Wigs", "href": "../../collections/all.html"}, {"text": "Layered Wigs", "href": "../../collections/layered-hair-extensions-hairstyles.html"}, {"text": "Bouncy Curl Wigs", "href": "../../collections/curly-hair-extensions-hairstyles.html"}, {"text": "Highlight Wigs", "href": "../../collections/highlight-wigs.html"}, {"text": "Straight Hair Wigs", "href": "../../collections/straight-hair-extensions-hairstyles.html"}, {"text": "Fringe Wigs", "href": "../../collections/fringe-wigs.html"}, {"text": "Headband Wigs", "href": "../../collections/headband-wigs.html"}, {"text": "Ponytails", "href": "../../collections/pony-girl.html"}, {"text": "Closure Wigs", "href": "../../collections/closure-wigs.html"}, {"text": "Shop Your Vibe", "href": "first-impression-of-soft-madame.html#"}, {"text": "Glam era", "href": "../../collections/glam-girl.html"}, {"text": "Pony era", "href": "../../collections/pony-girl.html"}, {"text": "Bob era", "href": "../../collections/bob-girl.html"}, {"text": "Grab n Go", "href": "../../collections/grab-n-go-era.html"}, {"text": "Glam era", "href": "../../collections/glam-girl.html"}, {"text": "Pony era", "href": "../../collections/pony-girl.html"}, {"text": "Bob era", "href": "../../collections/bob-girl.html"}, {"text": "Grab n Go", "href": "../../collections/grab-n-go-era.html"}, {"text": "Shop More", "href": "first-impression-of-soft-madame.html#"}, {"text": "Gift Cards", "href": "../../pages/gift-cards.html"}, {"text": "Gift Cards", "href": "../../pages/gift-cards.html"}, {"text": "", "href": "../../products/pop-princess.html"}, {"text": "Pop Princess", "href": "../../products/pop-princess.html"}, {"text": "", "href": "../../products/sweet-siren.html"}, {"text": "Sweet Siren", "href": "../../products/sweet-siren.html"}, {"text": "About the Science", "href": "../../pages/about-the-science.html"}, {"text": "BTS", "href": "../../pages/natural-girl-bts.html"}, {"text": "Streak Rewards", "href": "../../pages/natural-girl-streak-star-rewards.html"}, {"text": "", "href": "https://www.regirlworld.ng/search"}, {"text": "", "href": "https://account.regirlworld.ng?locale=en&region_country=NG"}, {"text": "Cart00 items", "href": "https://www.regirlworld.ng/cart"}, {"text": "", "href": "../../collections/bob-girl/products/cherry-locks.html"}, {"text": "Cherry Locks", "href": "../../collections/bob-girl/products/cherry-locks.html"}, {"text": "Cherry Locks", "href": "../../collections/bob-girl/products/cherry-locks.html"}, {"text": "Cherry Locks", "href": "../../collections/bob-girl/products/cherry-locks.html"}, {"text": "Cherry Locks", "href": "../../collections/bob-girl/products/cherry-locks.html"}, {"text": "", "href": "../../collections/bob-girl/products/city-charmer.html"}, {"text": "City Charmer", "href": "../../collections/bob-girl/products/city-charmer.html"}, {"text": "City Charmer", "href": "../../collections/bob-girl/products/city-charmer.html"}, {"text": "City Charmer", "href": "../../collections/bob-girl/products/city-charmer.html"}, {"text": "City Charmer", "href": "../../collections/bob-girl/products/city-charmer.html"}, {"text": "", "href": "../../collections/curlie-girl/products/classic-cougar.html"}, {"text": "Classic Cougar", "href": "../../collections/curlie-girl/products/classic-cougar.html"}, {"text": "Classic Cougar", "href": "../../collections/curlie-girl/products/classic-cougar.html"}, {"text": "Classic Cougar", "href": "../../collections/curlie-girl/products/classic-cougar.html"}, {"text": "Classic Cougar", "href": "../../collections/curlie-girl/products/classic-cougar.html"}, {"text": "", "href": "../../collections/curlie-girl/products/cosmo-chic.html"}, {"text": "Cosmo Chic", "href": "../../collections/curlie-girl/products/cosmo-chic.html"}, {"text": "Cosmo Chic", "href": "../../collections/curlie-girl/products/cosmo-chic.html"}, {"text": "Cosmo Chic", "href": "../../collections/curlie-girl/products/cosmo-chic.html"}, {"text": "Cosmo Chic", "href": "../../collections/curlie-girl/products/cosmo-chic.html"}, {"text": "Shop All", "href": "first-impression-of-soft-madame.html#"}, {"text": "Shop Styles", "href": "first-impression-of-soft-madame.html#"}, {"text": "All Wigs", "href": "../../collections/all.html"}, {"text": "Layered Wigs", "href": "../../collections/layered-hair-extensions-hairstyles.html"}, {"text": "Bouncy Curl Wigs", "href": "../../collections/curly-hair-extensions-hairstyles.html"}, {"text": "Highlight Wigs", "href": "../../collections/highlight-wigs.html"}, {"text": "Straight Hair Wigs", "href": "../../collections/straight-hair-extensions-hairstyles.html"}, {"text": "Fringe Wigs", "href": "../../collections/fringe-wigs.html"}, {"text": "Headband Wigs", "href": "../../collections/headband-wigs.html"}, {"text": "Ponytails", "href": "../../collections/pony-girl.html"}, {"text": "Closure Wigs", "href": "../../collections/closure-wigs.html"}, {"text": "Shop Your Vibe", "href": "first-impression-of-soft-madame.html#"}, {"text": "Glam era", "href": "../../collections/glam-girl.html"}, {"text": "Pony era", "href": "../../collections/pony-girl.html"}, {"text": "Bob era", "href": "../../collections/bob-girl.html"}, {"text": "Grab n Go", "href": "../../collections/grab-n-go-era.html"}, {"text": "Shop More", "href": "first-impression-of-soft-madame.html#"}, {"text": "Gift Cards", "href": "../../pages/gift-cards.html"}, {"text": "Behind Regirl", "href": "first-impression-of-soft-madame.html#"}, {"text": "About the Science", "href": "../../pages/about-the-science.html"}, {"text": "BTS", "href": "../../pages/natural-girl-bts.html"}, {"text": "Streak Rewards", "href": "../../pages/natural-girl-streak-star-rewards.html"}, {"text": "Account", "href": "first-impression-of-soft-madame.html#"}, {"text": "Login", "href": "https://www.regirlworld.ng/blogs/news/href"}, {"text": "Create Account", "href": "https://www.regirlworld.ng/blogs/news/href"}, {"text": "", "href": "../../products/pop-princess.html"}, {"text": "Pop Princess", "href": "../../products/pop-princess.html"}, {"text": "", "href": "../../products/sweet-siren.html"}, {"text": "Sweet Siren", "href": "../../products/sweet-siren.html"}, {"text": "Home", "href": "../../index.html"}, {"text": "News", "href": "../news.1.html"}, {"text": "Previous", "href": "first-impression-of-ripple-flex.html"}, {"text": "Next", "href": "first-impression-of-sweet-siren.html"}, {"text": "support@regirlworld.com", "href": "mailto:support@regirlworld.com"}, {"text": "Message us on WhatsApp", "href": "https:// wa.link/8lecga"}, {"text": "", "href": "https://www.instagram.com/regirlworld/"}, {"text": "", "href": "https://x.com/regirlworld"}, {"text": "", "href": "https://www.tiktok.com/@regirlworld"}, {"text": "Gift Cards", "href": "../../pages/gift-cards.html"}, {"text": "Affiliate Program", "href": "../../pages/affiliate.html"}, {"text": "Return Policy", "href": "../../pages/return-policy.html"}, {"text": "Shipping Information", "href": "../../pages/shipping-delivery-policy.html"}, {"text": "Delivery Information", "href": "../../pages/delivery-info.html"}, {"text": "Loyalty Program and Streak Rewards", "href": "../../pages/loyalty-program.html"}, {"text": "Soft Madame", "href": "../../products/soft-madame.html"}, {"text": "Spicy Icon", "href": "../../products/spicy-icon.html"}, {"text": "Dreamy Halo", "href": "../../products/dreamy-halo.html"}, {"text": "Sweet Siren", "href": "../../products/sweet-siren.html"}, {"text": "Retro Flair", "href": "../../products/retro-flair.html"}, {"text": "Fine Fox", "href": "../../products/fine-fox.html"}, {"text": "Cherry Locks", "href": "../../collections/bob-girl/products/cherry-locks.html"}, {"text": "First Impression of Soft Madame", "href": "first-impression-of-soft-madame.html"}, {"text": "First Impression of Fine Fox", "href": "first-impression-of-fine-fox.html"}, {"text": "First Impression of Sweet Siren", "href": "first-impression-of-sweet-siren.html"}, {"text": "First Impression of Dreamy Halo", "href": "first-impression-of-dreamy-halo.html"}, {"text": "First Impression of Midnight Muse", "href": "first-impression-of-midnight-muse.html"}, {"text": "Regirl ✨ 🇳🇬", "href": "../../index.html"}, {"text": "", "href": "https://www.shopify.com?utm_campaign=poweredby&utm_medium=shopify&utm_source=onlinestore"}, {"text": "Continue shopping", "href": "../../collections/all.html"}, {"text": "View cart ()", "href": "https://www.regirlworld.ng/cart"}]}
{"id": "chunk_450_475", "start_word": 450, "end_word": 474, "text": "> Product added to cart! View cart ( ) Check out Choosing a selection results in a full page refresh. Opens in a new window.", "source": "html_files\\blogs\\news\\first-impression-of-soft-madame.html", "chunk_index": 3, "title": "First Impression of Soft Madame\n– Regirl ✨ 🇳🇬", "headings": ["Just for you", "Popular Search", "Cherry Locks", "Cherry Locks", "Cherry Locks", "Cherry Locks", "City Charmer", "City Charmer", "City Charmer", "City Charmer", "Classic Cougar", "Classic Cougar", "Classic Cougar", "Classic Cougar", "Cosmo Chic", "Cosmo Chic", "Cosmo Chic", "Cosmo Chic", "Just for you", "First Impression of Soft Madame", "Quick viewSelect variant", "Cart"], "links": [{"text": "Skip to content", "href": "first-impression-of-soft-madame.html#mainContent"}, {"text": "SHOP NOW", "href": "../../collections/all.html"}, {"text": "SHOP NOW", "href": "../../collections/all.html"}, {"text": "", "href": "../../index.html"}, {"text": "Shop Styles", "href": "first-impression-of-soft-madame.html#"}, {"text": "All Wigs", "href": "../../collections/all.html"}, {"text": "Layered Wigs", "href": "../../collections/layered-hair-extensions-hairstyles.html"}, {"text": "Bouncy Curl Wigs", "href": "../../collections/curly-hair-extensions-hairstyles.html"}, {"text": "Highlight Wigs", "href": "../../collections/highlight-wigs.html"}, {"text": "Straight Hair Wigs", "href": "../../collections/straight-hair-extensions-hairstyles.html"}, {"text": "Fringe Wigs", "href": "../../collections/fringe-wigs.html"}, {"text": "Headband Wigs", "href": "../../collections/headband-wigs.html"}, {"text": "Ponytails", "href": "../../collections/pony-girl.html"}, {"text": "Closure Wigs", "href": "../../collections/closure-wigs.html"}, {"text": "All Wigs", "href": "../../collections/all.html"}, {"text": "Layered Wigs", "href": "../../collections/layered-hair-extensions-hairstyles.html"}, {"text": "Bouncy Curl Wigs", "href": "../../collections/curly-hair-extensions-hairstyles.html"}, {"text": "Highlight Wigs", "href": "../../collections/highlight-wigs.html"}, {"text": "Straight Hair Wigs", "href": "../../collections/straight-hair-extensions-hairstyles.html"}, {"text": "Fringe Wigs", "href": "../../collections/fringe-wigs.html"}, {"text": "Headband Wigs", "href": "../../collections/headband-wigs.html"}, {"text": "Ponytails", "href": "../../collections/pony-girl.html"}, {"text": "Closure Wigs", "href": "../../collections/closure-wigs.html"}, {"text": "Shop Your Vibe", "href": "first-impression-of-soft-madame.html#"}, {"text": "Glam era", "href": "../../collections/glam-girl.html"}, {"text": "Pony era", "href": "../../collections/pony-girl.html"}, {"text": "Bob era", "href": "../../collections/bob-girl.html"}, {"text": "Grab n Go", "href": "../../collections/grab-n-go-era.html"}, {"text": "Glam era", "href": "../../collections/glam-girl.html"}, {"text": "Pony era", "href": "../../collections/pony-girl.html"}, {"text": "Bob era", "href": "../../collections/bob-girl.html"}, {"text": "Grab n Go", "href": "../../collections/grab-n-go-era.html"}, {"text": "Shop More", "href": "first-impression-of-soft-madame.html#"}, {"text": "Gift Cards", "href": "../../pages/gift-cards.html"}, {"text": "Gift Cards", "href": "../../pages/gift-cards.html"}, {"text": "", "href": "../../products/pop-princess.html"}, {"text": "Pop Princess", "href": "../../products/pop-princess.html"}, {"text": "", "href": "../../products/sweet-siren.html"}, {"text": "Sweet Siren", "href": "../../products/sweet-siren.html"}, {"text": "About the Science", "href": "../../pages/about-the-science.html"}, {"text": "BTS", "href": "../../pages/natural-girl-bts.html"}, {"text": "Streak Rewards", "href": "../../pages/natural-girl-streak-star-rewards.html"}, {"text": "", "href": "https://www.regirlworld.ng/search"}, {"text": "", "href": "https://account.regirlworld.ng?locale=en&region_country=NG"}, {"text": "Cart00 items", "href": "https://www.regirlworld.ng/cart"}, {"text": "", "href": "../../collections/bob-girl/products/cherry-locks.html"}, {"text": "Cherry Locks", "href": "../../collections/bob-girl/products/cherry-locks.html"}, {"text": "Cherry Locks", "href": "../../collections/bob-girl/products/cherry-locks.html"}, {"text": "Cherry Locks", "href": "../../collections/bob-girl/products/cherry-locks.html"}, {"text": "Cherry Locks", "href": "../../collections/bob-girl/products/cherry-locks.html"}, {"text": "", "href": "../../collections/bob-girl/products/city-charmer.html"}, {"text": "City Charmer", "href": "../../collections/bob-girl/products/city-charmer.html"}, {"text": "City Charmer", "href": "../../collections/bob-girl/products/city-charmer.html"}, {"text": "City Charmer", "href": "../../collections/bob-girl/products/city-charmer.html"}, {"text": "City Charmer", "href": "../../collections/bob-girl/products/city-charmer.html"}, {"text": "", "href": "../../collections/curlie-girl/products/classic-cougar.html"}, {"text": "Classic Cougar", "href": "../../collections/curlie-girl/products/classic-cougar.html"}, {"text": "Classic Cougar", "href": "../../collections/curlie-girl/products/classic-cougar.html"}, {"text": "Classic Cougar", "href": "../../collections/curlie-girl/products/classic-cougar.html"}, {"text": "Classic Cougar", "href": "../../collections/curlie-girl/products/classic-cougar.html"}, {"text": "", "href": "../../collections/curlie-girl/products/cosmo-chic.html"}, {"text": "Cosmo Chic", "href": "../../collections/curlie-girl/products/cosmo-chic.html"}, {"text": "Cosmo Chic", "href": "../../collections/curlie-girl/products/cosmo-chic.html"}, {"text": "Cosmo Chic", "href": "../../collections/curlie-girl/products/cosmo-chic.html"}, {"text": "Cosmo Chic", "href": "../../collections/curlie-girl/products/cosmo-chic.html"}, {"text": "Shop All", "href": "first-impression-of-soft-madame.html#"}, {"text": "Shop Styles", "href": "first-impression-of-soft-madame.html#"}, {"text": "All Wigs", "href": "../../collections/all.html"}, {"text": "Layered Wigs", "href": "../../collections/layered-hair-extensions-hairstyles.html"}, {"text": "Bouncy Curl Wigs", "href": "../../collections/curly-hair-extensions-hairstyles.html"}, {"text": "Highlight Wigs", "href": "../../collections/highlight-wigs.html"}, {"text": "Straight Hair Wigs", "href": "../../collections/straight-hair-extensions-hairstyles.html"}, {"text": "Fringe Wigs", "href": "../../collections/fringe-wigs.html"}, {"text": "Headband Wigs", "href": "../../collections/headband-wigs.html"}, {"text": "Ponytails", "href": "../../collections/pony-girl.html"}, {"text": "Closure Wigs", "href": "../../collections/closure-wigs.html"}, {"text": "Shop Your Vibe", "href": "first-impression-of-soft-madame.html#"}, {"text": "Glam era", "href": "../../collections/glam-girl.html"}, {"text": "Pony era", "href": "../../collections/pony-girl.html"}, {"text": "Bob era", "href": "../../collections/bob-girl.html"}, {"text": "Grab n Go", "href": "../../collections/grab-n-go-era.html"}, {"text": "Shop More", "href": "first-impression-of-soft-madame.html#"}, {"text": "Gift Cards", "href": "../../pages/gift-cards.html"}, {"text": "Behind Regirl", "href": "first-impression-of-soft-madame.html#"}, {"text": "About the Science", "href": "../../pages/about-the-science.html"}, {"text": "BTS", "href": "../../pages/natural-girl-bts.html"}, {"text": "Streak Rewards", "href": "../../pages/natural-girl-streak-star-rewards.html"}, {"text": "Account", "href": "first-impression-of-soft-madame.html#"}, {"text": "Login", "href": "https://www.regirlworld.ng/blogs/news/href"}, {"text": "Create Account", "href": "https://www.regirlworld.ng/blogs/news/href"}, {"text": "", "href": "../../products/pop-princess.html"}, {"text": "Pop Princess", "href": "../../products/pop-princess.html"}, {"text": "", "href": "../../products/sweet-siren.html"}, {"text": "Sweet Siren", "href": "../../products/sweet-siren.html"}, {"text": "Home", "href": "../../index.html"}, {"text": "News", "href": "../news.1.html"}, {"text": "Previous", "href": "first-impression-of-ripple-flex.html"}, {"text": "Next", "href": "first-impression-of-sweet-siren.html"}, {"text": "support@regirlworld.com", "href": "mailto:support@regirlworld.com"}, {"text": "Message us on WhatsApp", "href": "https:// wa.link/8lecga"}, {"text": "", "href": "https://www.instagram.com/regirlworld/"}, {"text": "", "href": "https://x.com/regirlworld"}, {"text": "", "href": "https://www.tiktok.com/@regirlworld"}, {"text": "Gift Cards", "href": "../../pages/gift-cards.html"}, {"text": "Affiliate Program", "href": "../../pages/affiliate.html"}, {"text": "Return Policy", "href": "../../pages/return-policy.html"}, {"text": "Shipping Information", "href": "../../pages/shipping-delivery-policy.html"}, {"text": "Delivery Information", "href": "../../pages/delivery-info.html"}, {"text": "Loyalty Program and Streak Rewards", "href": "../../pages/loyalty-program.html"}, {"text": "Soft Madame", "href": "../../products/soft-madame.html"}, {"text": "Spicy Icon", "href": "../../products/spicy-icon.html"}, {"text": "Dreamy Halo", "href": "../../products/dreamy-halo.html"}, {"text": "Sweet Siren", "href": "../../products/sweet-siren.html"}, {"text": "Retro Flair", "href": "../../products/retro-flair.html"}, {"text": "Fine Fox", "href": "../../products/fine-fox.html"}, {"text": "Cherry Locks", "href": "../../collections/bob-girl/products/cherry-locks.html"}, {"text": "First Impression of Soft Madame", "href": "first-impression-of-soft-madame.html"}, {"text": "First Impression of Fine Fox", "href": "first-impression-of-fine-fox.html"}, {"text": "First Impression of Sweet Siren", "href": "first-impression-of-sweet-siren.html"}, {"text": "First Impression of Dreamy Halo", "href": "first-impression-of-dreamy-halo.html"}, {"text": "First Impression of Midnight Muse", "href": "first-impression-of-midnight-muse.html"}, {"text": "Regirl ✨ 🇳🇬", "href": "../../index.html"}, {"text": "", "href": "https://www.shopify.com?utm_campaign=poweredby&utm_medium=shopify&utm_source=onlinestore"}, {"text": "Continue shopping", "href": "../../collections/all.html"}, {"text": "View cart ()", "href": "https://www.regirlworld.ng/cart"}]}
