{"id": "chunk_0_200", "start_word": 0, "end_word": 199, "text": "News – Regirl ✨ 🇳🇬 Skip to content 🚚 Same-day Lagos Delivery (Cut-Off: 3PM). SHOP NOW 🚚 Same-day Lagos Delivery (Cut-Off: 3PM). SHOP NOW Shop All Shop All Shop Styles All Wigs Layered Wigs Bouncy Curl Wigs Highlight Wigs Straight Hair Wigs Fringe Wigs Headband Wigs Ponytails Closure Wigs Shop Styles All Wigs Layered Wigs Bouncy Curl Wigs Highlight Wigs Straight Hair Wigs Fringe Wigs Headband Wigs Ponytails Closure Wigs Shop Your Vibe Glam era Pony era Bob era Grab n Go Shop Your Vibe Glam era Pony era Bob era Grab n Go Shop More Gift Cards Shop More Gift Cards Just for you Pop Princess ₦80,000.00 Sweet Siren ₦85,000.00 Behind Regirl Behind Regirl About the Science BTS Streak Rewards Cart 0 0 items Search Enter keywords to see quick results Popular Search Cherry Locks Cherry Locks Cherry Locks Cherry Locks Regular price ₦55,000.00 Sale price ₦55,000.00 🎉 City Charmer City Charmer City Charmer City Charmer Regular price ₦60,000.00 Sale price ₦60,000.00 🎉 Classic Cougar Classic Cougar Classic Cougar Classic Cougar Regular price ₦70,000.00 Sale price ₦70,000.00 🎉 Sold out Cosmo Chic Cosmo Chic Cosmo Chic Cosmo Chic Regular price ₦55,000.00 Sale price ₦55,000.00 🎉 Shop All Shop Styles", "source": "html_files\\blogs\\news.1.html", "chunk_index": 0, "title": "News\n– Regirl ✨ 🇳🇬", "headings": ["Just for you", "Popular Search", "Cherry Locks", "Cherry Locks", "Cherry Locks", "Cherry Locks", "City Charmer", "City Charmer", "City Charmer", "City Charmer", "Classic Cougar", "Classic Cougar", "Classic Cougar", "Classic Cougar", "Cosmo Chic", "Cosmo Chic", "Cosmo Chic", "Cosmo Chic", "Just for you", "News", "First Impression of Dream Girl", "First Impression of Spicy Icon", "First Impression of Cherry Locks", "First Impression of Sleek Charmer", "First Impression of Pop Princess", "First Impression of Mother", "First Impression of Midnight Muse", "First Impression of Urban Wonder", "First Impression of Dreamy Halo", "First Impression of Fine Fox", "First Impression of Classic Cougar", "First Impression of Sweet Siren", "First Impression of Soft Madame", "First Impression of Ripple Flex", "First Impression of Soft Girl", "First Impression of Cosmo Chic", "Quick viewSelect variant", "Cart"], "links": [{"text": "Skip to content", "href": "news.1.html#mainContent"}, {"text": "SHOP NOW", "href": "../collections/all.html"}, {"text": "SHOP NOW", "href": "../collections/all.html"}, {"text": "", "href": "../index.html"}, {"text": "Shop Styles", "href": "news.1.html#"}, {"text": "All Wigs", "href": "../collections/all.html"}, {"text": "Layered Wigs", "href": "../collections/layered-hair-extensions-hairstyles.html"}, {"text": "Bouncy Curl Wigs", "href": "../collections/curly-hair-extensions-hairstyles.html"}, {"text": "Highlight Wigs", "href": "../collections/highlight-wigs.html"}, {"text": "Straight Hair Wigs", "href": "../collections/straight-hair-extensions-hairstyles.html"}, {"text": "Fringe Wigs", "href": "../collections/fringe-wigs.html"}, {"text": "Headband Wigs", "href": "../collections/headband-wigs.html"}, {"text": "Ponytails", "href": "../collections/pony-girl.html"}, {"text": "Closure Wigs", "href": "../collections/closure-wigs.html"}, {"text": "All Wigs", "href": "../collections/all.html"}, {"text": "Layered Wigs", "href": "../collections/layered-hair-extensions-hairstyles.html"}, {"text": "Bouncy Curl Wigs", "href": "../collections/curly-hair-extensions-hairstyles.html"}, {"text": "Highlight Wigs", "href": "../collections/highlight-wigs.html"}, {"text": "Straight Hair Wigs", "href": "../collections/straight-hair-extensions-hairstyles.html"}, {"text": "Fringe Wigs", "href": "../collections/fringe-wigs.html"}, {"text": "Headband Wigs", "href": "../collections/headband-wigs.html"}, {"text": "Ponytails", "href": "../collections/pony-girl.html"}, {"text": "Closure Wigs", "href": "../collections/closure-wigs.html"}, {"text": "Shop Your Vibe", "href": "news.1.html#"}, {"text": "Glam era", "href": "../collections/glam-girl.html"}, {"text": "Pony era", "href": "../collections/pony-girl.html"}, {"text": "Bob era", "href": "../collections/bob-girl.html"}, {"text": "Grab n Go", "href": "../collections/grab-n-go-era.html"}, {"text": "Glam era", "href": "../collections/glam-girl.html"}, {"text": "Pony era", "href": "../collections/pony-girl.html"}, {"text": "Bob era", "href": "../collections/bob-girl.html"}, {"text": "Grab n Go", "href": "../collections/grab-n-go-era.html"}, {"text": "Shop More", "href": "news.1.html#"}, {"text": "Gift Cards", "href": "../pages/gift-cards.html"}, {"text": "Gift Cards", "href": "../pages/gift-cards.html"}, {"text": "", "href": "../products/pop-princess.html"}, {"text": "Pop Princess", "href": "../products/pop-princess.html"}, {"text": "", "href": "../products/sweet-siren.html"}, {"text": "Sweet Siren", "href": "../products/sweet-siren.html"}, {"text": "About the Science", "href": "../pages/about-the-science.html"}, {"text": "BTS", "href": "../pages/natural-girl-bts.html"}, {"text": "Streak Rewards", "href": "../pages/natural-girl-streak-star-rewards.html"}, {"text": "", "href": "https://www.regirlworld.ng/search"}, {"text": "", "href": "https://account.regirlworld.ng?locale=en&region_country=NG"}, {"text": "Cart00 items", "href": "https://www.regirlworld.ng/cart"}, {"text": "", "href": "../collections/bob-girl/products/cherry-locks.html"}, {"text": "Cherry Locks", "href": "../collections/bob-girl/products/cherry-locks.html"}, {"text": "Cherry Locks", "href": "../collections/bob-girl/products/cherry-locks.html"}, {"text": "Cherry Locks", "href": "../collections/bob-girl/products/cherry-locks.html"}, {"text": "Cherry Locks", "href": "../collections/bob-girl/products/cherry-locks.html"}, {"text": "", "href": "../collections/bob-girl/products/city-charmer.html"}, {"text": "City Charmer", "href": "../collections/bob-girl/products/city-charmer.html"}, {"text": "City Charmer", "href": "../collections/bob-girl/products/city-charmer.html"}, {"text": "City Charmer", "href": "../collections/bob-girl/products/city-charmer.html"}, {"text": "City Charmer", "href": "../collections/bob-girl/products/city-charmer.html"}, {"text": "", "href": "../collections/curlie-girl/products/classic-cougar.html"}, {"text": "Classic Cougar", "href": "../collections/curlie-girl/products/classic-cougar.html"}, {"text": "Classic Cougar", "href": "../collections/curlie-girl/products/classic-cougar.html"}, {"text": "Classic Cougar", "href": "../collections/curlie-girl/products/classic-cougar.html"}, {"text": "Classic Cougar", "href": "../collections/curlie-girl/products/classic-cougar.html"}, {"text": "", "href": "../collections/curlie-girl/products/cosmo-chic.html"}, {"text": "Cosmo Chic", "href": "../collections/curlie-girl/products/cosmo-chic.html"}, {"text": "Cosmo Chic", "href": "../collections/curlie-girl/products/cosmo-chic.html"}, {"text": "Cosmo Chic", "href": "../collections/curlie-girl/products/cosmo-chic.html"}, {"text": "Cosmo Chic", "href": "../collections/curlie-girl/products/cosmo-chic.html"}, {"text": "Shop All", "href": "news.1.html#"}, {"text": "Shop Styles", "href": "news.1.html#"}, {"text": "All Wigs", "href": "../collections/all.html"}, {"text": "Layered Wigs", "href": "../collections/layered-hair-extensions-hairstyles.html"}, {"text": "Bouncy Curl Wigs", "href": "../collections/curly-hair-extensions-hairstyles.html"}, {"text": "Highlight Wigs", "href": "../collections/highlight-wigs.html"}, {"text": "Straight Hair Wigs", "href": "../collections/straight-hair-extensions-hairstyles.html"}, {"text": "Fringe Wigs", "href": "../collections/fringe-wigs.html"}, {"text": "Headband Wigs", "href": "../collections/headband-wigs.html"}, {"text": "Ponytails", "href": "../collections/pony-girl.html"}, {"text": "Closure Wigs", "href": "../collections/closure-wigs.html"}, {"text": "Shop Your Vibe", "href": "news.1.html#"}, {"text": "Glam era", "href": "../collections/glam-girl.html"}, {"text": "Pony era", "href": "../collections/pony-girl.html"}, {"text": "Bob era", "href": "../collections/bob-girl.html"}, {"text": "Grab n Go", "href": "../collections/grab-n-go-era.html"}, {"text": "Shop More", "href": "news.1.html#"}, {"text": "Gift Cards", "href": "../pages/gift-cards.html"}, {"text": "Behind Regirl", "href": "news.1.html#"}, {"text": "About the Science", "href": "../pages/about-the-science.html"}, {"text": "BTS", "href": "../pages/natural-girl-bts.html"}, {"text": "Streak Rewards", "href": "../pages/natural-girl-streak-star-rewards.html"}, {"text": "Account", "href": "news.1.html#"}, {"text": "Login", "href": "https://www.regirlworld.ng/blogs/href"}, {"text": "Create Account", "href": "https://www.regirlworld.ng/blogs/href"}, {"text": "", "href": "../products/pop-princess.html"}, {"text": "Pop Princess", "href": "../products/pop-princess.html"}, {"text": "", "href": "../products/sweet-siren.html"}, {"text": "Sweet Siren", "href": "../products/sweet-siren.html"}, {"text": "Home", "href": "../index.html"}, {"text": "", "href": "news.atom"}, {"text": "", "href": "news/first-impression-of-dream-girl.html"}, {"text": "First Impression of Dream Girl", "href": "news/first-impression-of-dream-girl.html"}, {"text": "", "href": "news/first-impression-of-spicy-icon.html"}, {"text": "First Impression of Spicy Icon", "href": "news/first-impression-of-spicy-icon.html"}, {"text": "", "href": "news/first-impression-of-cherry-locks.html"}, {"text": "First Impression of Cherry Locks", "href": "news/first-impression-of-cherry-locks.html"}, {"text": "", "href": "news/first-impression-of-sleek-charmer.html"}, {"text": "First Impression of Sleek Charmer", "href": "news/first-impression-of-sleek-charmer.html"}, {"text": "", "href": "news/first-impression-of-pop-princess.html"}, {"text": "First Impression of Pop Princess", "href": "news/first-impression-of-pop-princess.html"}, {"text": "", "href": "news/first-impression-of-mother.html"}, {"text": "First Impression of Mother", "href": "news/first-impression-of-mother.html"}, {"text": "", "href": "news/first-impression-of-midnight-muse.html"}, {"text": "First Impression of Midnight Muse", "href": "news/first-impression-of-midnight-muse.html"}, {"text": "", "href": "news/first-impression-of-urban-wonder.html"}, {"text": "First Impression of Urban Wonder", "href": "news/first-impression-of-urban-wonder.html"}, {"text": "", "href": "news/first-impression-of-dreamy-halo.html"}, {"text": "First Impression of Dreamy Halo", "href": "news/first-impression-of-dreamy-halo.html"}, {"text": "", "href": "news/first-impression-of-fine-fox.html"}, {"text": "First Impression of Fine Fox", "href": "news/first-impression-of-fine-fox.html"}, {"text": "", "href": "news/first-impression-of-classic-cougar.html"}, {"text": "First Impression of Classic Cougar", "href": "news/first-impression-of-classic-cougar.html"}, {"text": "", "href": "news/first-impression-of-sweet-siren.html"}, {"text": "First Impression of Sweet Siren", "href": "news/first-impression-of-sweet-siren.html"}, {"text": "", "href": "news/first-impression-of-soft-madame.html"}, {"text": "First Impression of Soft Madame", "href": "news/first-impression-of-soft-madame.html"}, {"text": "", "href": "news/first-impression-of-ripple-flex.html"}, {"text": "First Impression of Ripple Flex", "href": "news/first-impression-of-ripple-flex.html"}, {"text": "", "href": "news/first-impression-of-soft-girl.html"}, {"text": "First Impression of Soft Girl", "href": "news/first-impression-of-soft-girl.html"}, {"text": "", "href": "news/first-impression-of-cosmo-chic.html"}, {"text": "First Impression of Cosmo Chic", "href": "news/first-impression-of-cosmo-chic.html"}, {"text": "support@regirlworld.com", "href": "mailto:support@regirlworld.com"}, {"text": "Message us on WhatsApp", "href": "https:// wa.link/8lecga"}, {"text": "", "href": "https://www.instagram.com/regirlworld/"}, {"text": "", "href": "https://x.com/regirlworld"}, {"text": "", "href": "https://www.tiktok.com/@regirlworld"}, {"text": "Gift Cards", "href": "../pages/gift-cards.html"}, {"text": "Affiliate Program", "href": "../pages/affiliate.html"}, {"text": "Return Policy", "href": "../pages/return-policy.html"}, {"text": "Shipping Information", "href": "../pages/shipping-delivery-policy.html"}, {"text": "Delivery Information", "href": "../pages/delivery-info.html"}, {"text": "Loyalty Program and Streak Rewards", "href": "../pages/loyalty-program.html"}, {"text": "Soft Madame", "href": "../products/soft-madame.html"}, {"text": "Spicy Icon", "href": "../products/spicy-icon.html"}, {"text": "Dreamy Halo", "href": "../products/dreamy-halo.html"}, {"text": "Sweet Siren", "href": "../products/sweet-siren.html"}, {"text": "Retro Flair", "href": "../products/retro-flair.html"}, {"text": "Fine Fox", "href": "../products/fine-fox.html"}, {"text": "Cherry Locks", "href": "../collections/bob-girl/products/cherry-locks.html"}, {"text": "First Impression of Soft Madame", "href": "news/first-impression-of-soft-madame.html"}, {"text": "First Impression of Fine Fox", "href": "news/first-impression-of-fine-fox.html"}, {"text": "First Impression of Sweet Siren", "href": "news/first-impression-of-sweet-siren.html"}, {"text": "First Impression of Dreamy Halo", "href": "news/first-impression-of-dreamy-halo.html"}, {"text": "First Impression of Midnight Muse", "href": "news/first-impression-of-midnight-muse.html"}, {"text": "Regirl ✨ 🇳🇬", "href": "../index.html"}, {"text": "", "href": "https://www.shopify.com?utm_campaign=poweredby&utm_medium=shopify&utm_source=onlinestore"}, {"text": "Continue shopping", "href": "../collections/all.html"}, {"text": "View cart ()", "href": "https://www.regirlworld.ng/cart"}]}
{"id": "chunk_150_350", "start_word": 150, "end_word": 349, "text": "Charmer City Charmer City Charmer City Charmer Regular price ₦60,000.00 Sale price ₦60,000.00 🎉 Classic Cougar Classic Cougar Classic Cougar Classic Cougar Regular price ₦70,000.00 Sale price ₦70,000.00 🎉 Sold out Cosmo Chic Cosmo Chic Cosmo Chic Cosmo Chic Regular price ₦55,000.00 Sale price ₦55,000.00 🎉 Shop All Shop Styles All Wigs Layered Wigs Bouncy Curl Wigs Highlight Wigs Straight Hair Wigs Fringe Wigs Headband Wigs Ponytails Closure Wigs Shop Your Vibe Glam era Pony era Bob era Grab n Go Shop More Gift Cards Behind Regirl About the Science BTS Streak Rewards Account Login Create Account Just for you Pop Princess ₦80,000.00 Sweet Siren ₦85,000.00 Home News News First Impression of Dream Girl Uche Ogbonna Aug 29, 2025 First Impression of Spicy Icon Uche Ogbonna Aug 29, 2025 First Impression of Cherry Locks Uche Ogbonna Aug 29, 2025 First Impression of Sleek Charmer Uche Ogbonna Aug 29, 2025 First Impression of Pop Princess Uche Ogbonna Aug 29, 2025 First Impression of Mother Uche Ogbonna Aug 29, 2025 First Impression of Midnight Muse Uche Ogbonna Aug 29, 2025 First Impression of Urban Wonder Uche Ogbonna Aug 29, 2025 First Impression of Dreamy Halo Uche Ogbonna Aug 29, 2025 First Impression", "source": "html_files\\blogs\\news.1.html", "chunk_index": 1, "title": "News\n– Regirl ✨ 🇳🇬", "headings": ["Just for you", "Popular Search", "Cherry Locks", "Cherry Locks", "Cherry Locks", "Cherry Locks", "City Charmer", "City Charmer", "City Charmer", "City Charmer", "Classic Cougar", "Classic Cougar", "Classic Cougar", "Classic Cougar", "Cosmo Chic", "Cosmo Chic", "Cosmo Chic", "Cosmo Chic", "Just for you", "News", "First Impression of Dream Girl", "First Impression of Spicy Icon", "First Impression of Cherry Locks", "First Impression of Sleek Charmer", "First Impression of Pop Princess", "First Impression of Mother", "First Impression of Midnight Muse", "First Impression of Urban Wonder", "First Impression of Dreamy Halo", "First Impression of Fine Fox", "First Impression of Classic Cougar", "First Impression of Sweet Siren", "First Impression of Soft Madame", "First Impression of Ripple Flex", "First Impression of Soft Girl", "First Impression of Cosmo Chic", "Quick viewSelect variant", "Cart"], "links": [{"text": "Skip to content", "href": "news.1.html#mainContent"}, {"text": "SHOP NOW", "href": "../collections/all.html"}, {"text": "SHOP NOW", "href": "../collections/all.html"}, {"text": "", "href": "../index.html"}, {"text": "Shop Styles", "href": "news.1.html#"}, {"text": "All Wigs", "href": "../collections/all.html"}, {"text": "Layered Wigs", "href": "../collections/layered-hair-extensions-hairstyles.html"}, {"text": "Bouncy Curl Wigs", "href": "../collections/curly-hair-extensions-hairstyles.html"}, {"text": "Highlight Wigs", "href": "../collections/highlight-wigs.html"}, {"text": "Straight Hair Wigs", "href": "../collections/straight-hair-extensions-hairstyles.html"}, {"text": "Fringe Wigs", "href": "../collections/fringe-wigs.html"}, {"text": "Headband Wigs", "href": "../collections/headband-wigs.html"}, {"text": "Ponytails", "href": "../collections/pony-girl.html"}, {"text": "Closure Wigs", "href": "../collections/closure-wigs.html"}, {"text": "All Wigs", "href": "../collections/all.html"}, {"text": "Layered Wigs", "href": "../collections/layered-hair-extensions-hairstyles.html"}, {"text": "Bouncy Curl Wigs", "href": "../collections/curly-hair-extensions-hairstyles.html"}, {"text": "Highlight Wigs", "href": "../collections/highlight-wigs.html"}, {"text": "Straight Hair Wigs", "href": "../collections/straight-hair-extensions-hairstyles.html"}, {"text": "Fringe Wigs", "href": "../collections/fringe-wigs.html"}, {"text": "Headband Wigs", "href": "../collections/headband-wigs.html"}, {"text": "Ponytails", "href": "../collections/pony-girl.html"}, {"text": "Closure Wigs", "href": "../collections/closure-wigs.html"}, {"text": "Shop Your Vibe", "href": "news.1.html#"}, {"text": "Glam era", "href": "../collections/glam-girl.html"}, {"text": "Pony era", "href": "../collections/pony-girl.html"}, {"text": "Bob era", "href": "../collections/bob-girl.html"}, {"text": "Grab n Go", "href": "../collections/grab-n-go-era.html"}, {"text": "Glam era", "href": "../collections/glam-girl.html"}, {"text": "Pony era", "href": "../collections/pony-girl.html"}, {"text": "Bob era", "href": "../collections/bob-girl.html"}, {"text": "Grab n Go", "href": "../collections/grab-n-go-era.html"}, {"text": "Shop More", "href": "news.1.html#"}, {"text": "Gift Cards", "href": "../pages/gift-cards.html"}, {"text": "Gift Cards", "href": "../pages/gift-cards.html"}, {"text": "", "href": "../products/pop-princess.html"}, {"text": "Pop Princess", "href": "../products/pop-princess.html"}, {"text": "", "href": "../products/sweet-siren.html"}, {"text": "Sweet Siren", "href": "../products/sweet-siren.html"}, {"text": "About the Science", "href": "../pages/about-the-science.html"}, {"text": "BTS", "href": "../pages/natural-girl-bts.html"}, {"text": "Streak Rewards", "href": "../pages/natural-girl-streak-star-rewards.html"}, {"text": "", "href": "https://www.regirlworld.ng/search"}, {"text": "", "href": "https://account.regirlworld.ng?locale=en&region_country=NG"}, {"text": "Cart00 items", "href": "https://www.regirlworld.ng/cart"}, {"text": "", "href": "../collections/bob-girl/products/cherry-locks.html"}, {"text": "Cherry Locks", "href": "../collections/bob-girl/products/cherry-locks.html"}, {"text": "Cherry Locks", "href": "../collections/bob-girl/products/cherry-locks.html"}, {"text": "Cherry Locks", "href": "../collections/bob-girl/products/cherry-locks.html"}, {"text": "Cherry Locks", "href": "../collections/bob-girl/products/cherry-locks.html"}, {"text": "", "href": "../collections/bob-girl/products/city-charmer.html"}, {"text": "City Charmer", "href": "../collections/bob-girl/products/city-charmer.html"}, {"text": "City Charmer", "href": "../collections/bob-girl/products/city-charmer.html"}, {"text": "City Charmer", "href": "../collections/bob-girl/products/city-charmer.html"}, {"text": "City Charmer", "href": "../collections/bob-girl/products/city-charmer.html"}, {"text": "", "href": "../collections/curlie-girl/products/classic-cougar.html"}, {"text": "Classic Cougar", "href": "../collections/curlie-girl/products/classic-cougar.html"}, {"text": "Classic Cougar", "href": "../collections/curlie-girl/products/classic-cougar.html"}, {"text": "Classic Cougar", "href": "../collections/curlie-girl/products/classic-cougar.html"}, {"text": "Classic Cougar", "href": "../collections/curlie-girl/products/classic-cougar.html"}, {"text": "", "href": "../collections/curlie-girl/products/cosmo-chic.html"}, {"text": "Cosmo Chic", "href": "../collections/curlie-girl/products/cosmo-chic.html"}, {"text": "Cosmo Chic", "href": "../collections/curlie-girl/products/cosmo-chic.html"}, {"text": "Cosmo Chic", "href": "../collections/curlie-girl/products/cosmo-chic.html"}, {"text": "Cosmo Chic", "href": "../collections/curlie-girl/products/cosmo-chic.html"}, {"text": "Shop All", "href": "news.1.html#"}, {"text": "Shop Styles", "href": "news.1.html#"}, {"text": "All Wigs", "href": "../collections/all.html"}, {"text": "Layered Wigs", "href": "../collections/layered-hair-extensions-hairstyles.html"}, {"text": "Bouncy Curl Wigs", "href": "../collections/curly-hair-extensions-hairstyles.html"}, {"text": "Highlight Wigs", "href": "../collections/highlight-wigs.html"}, {"text": "Straight Hair Wigs", "href": "../collections/straight-hair-extensions-hairstyles.html"}, {"text": "Fringe Wigs", "href": "../collections/fringe-wigs.html"}, {"text": "Headband Wigs", "href": "../collections/headband-wigs.html"}, {"text": "Ponytails", "href": "../collections/pony-girl.html"}, {"text": "Closure Wigs", "href": "../collections/closure-wigs.html"}, {"text": "Shop Your Vibe", "href": "news.1.html#"}, {"text": "Glam era", "href": "../collections/glam-girl.html"}, {"text": "Pony era", "href": "../collections/pony-girl.html"}, {"text": "Bob era", "href": "../collections/bob-girl.html"}, {"text": "Grab n Go", "href": "../collections/grab-n-go-era.html"}, {"text": "Shop More", "href": "news.1.html#"}, {"text": "Gift Cards", "href": "../pages/gift-cards.html"}, {"text": "Behind Regirl", "href": "news.1.html#"}, {"text": "About the Science", "href": "../pages/about-the-science.html"}, {"text": "BTS", "href": "../pages/natural-girl-bts.html"}, {"text": "Streak Rewards", "href": "../pages/natural-girl-streak-star-rewards.html"}, {"text": "Account", "href": "news.1.html#"}, {"text": "Login", "href": "https://www.regirlworld.ng/blogs/href"}, {"text": "Create Account", "href": "https://www.regirlworld.ng/blogs/href"}, {"text": "", "href": "../products/pop-princess.html"}, {"text": "Pop Princess", "href": "../products/pop-princess.html"}, {"text": "", "href": "../products/sweet-siren.html"}, {"text": "Sweet Siren", "href": "../products/sweet-siren.html"}, {"text": "Home", "href": "../index.html"}, {"text": "", "href": "news.atom"}, {"text": "", "href": "news/first-impression-of-dream-girl.html"}, {"text": "First Impression of Dream Girl", "href": "news/first-impression-of-dream-girl.html"}, {"text": "", "href": "news/first-impression-of-spicy-icon.html"}, {"text": "First Impression of Spicy Icon", "href": "news/first-impression-of-spicy-icon.html"}, {"text": "", "href": "news/first-impression-of-cherry-locks.html"}, {"text": "First Impression of Cherry Locks", "href": "news/first-impression-of-cherry-locks.html"}, {"text": "", "href": "news/first-impression-of-sleek-charmer.html"}, {"text": "First Impression of Sleek Charmer", "href": "news/first-impression-of-sleek-charmer.html"}, {"text": "", "href": "news/first-impression-of-pop-princess.html"}, {"text": "First Impression of Pop Princess", "href": "news/first-impression-of-pop-princess.html"}, {"text": "", "href": "news/first-impression-of-mother.html"}, {"text": "First Impression of Mother", "href": "news/first-impression-of-mother.html"}, {"text": "", "href": "news/first-impression-of-midnight-muse.html"}, {"text": "First Impression of Midnight Muse", "href": "news/first-impression-of-midnight-muse.html"}, {"text": "", "href": "news/first-impression-of-urban-wonder.html"}, {"text": "First Impression of Urban Wonder", "href": "news/first-impression-of-urban-wonder.html"}, {"text": "", "href": "news/first-impression-of-dreamy-halo.html"}, {"text": "First Impression of Dreamy Halo", "href": "news/first-impression-of-dreamy-halo.html"}, {"text": "", "href": "news/first-impression-of-fine-fox.html"}, {"text": "First Impression of Fine Fox", "href": "news/first-impression-of-fine-fox.html"}, {"text": "", "href": "news/first-impression-of-classic-cougar.html"}, {"text": "First Impression of Classic Cougar", "href": "news/first-impression-of-classic-cougar.html"}, {"text": "", "href": "news/first-impression-of-sweet-siren.html"}, {"text": "First Impression of Sweet Siren", "href": "news/first-impression-of-sweet-siren.html"}, {"text": "", "href": "news/first-impression-of-soft-madame.html"}, {"text": "First Impression of Soft Madame", "href": "news/first-impression-of-soft-madame.html"}, {"text": "", "href": "news/first-impression-of-ripple-flex.html"}, {"text": "First Impression of Ripple Flex", "href": "news/first-impression-of-ripple-flex.html"}, {"text": "", "href": "news/first-impression-of-soft-girl.html"}, {"text": "First Impression of Soft Girl", "href": "news/first-impression-of-soft-girl.html"}, {"text": "", "href": "news/first-impression-of-cosmo-chic.html"}, {"text": "First Impression of Cosmo Chic", "href": "news/first-impression-of-cosmo-chic.html"}, {"text": "support@regirlworld.com", "href": "mailto:support@regirlworld.com"}, {"text": "Message us on WhatsApp", "href": "https:// wa.link/8lecga"}, {"text": "", "href": "https://www.instagram.com/regirlworld/"}, {"text": "", "href": "https://x.com/regirlworld"}, {"text": "", "href": "https://www.tiktok.com/@regirlworld"}, {"text": "Gift Cards", "href": "../pages/gift-cards.html"}, {"text": "Affiliate Program", "href": "../pages/affiliate.html"}, {"text": "Return Policy", "href": "../pages/return-policy.html"}, {"text": "Shipping Information", "href": "../pages/shipping-delivery-policy.html"}, {"text": "Delivery Information", "href": "../pages/delivery-info.html"}, {"text": "Loyalty Program and Streak Rewards", "href": "../pages/loyalty-program.html"}, {"text": "Soft Madame", "href": "../products/soft-madame.html"}, {"text": "Spicy Icon", "href": "../products/spicy-icon.html"}, {"text": "Dreamy Halo", "href": "../products/dreamy-halo.html"}, {"text": "Sweet Siren", "href": "../products/sweet-siren.html"}, {"text": "Retro Flair", "href": "../products/retro-flair.html"}, {"text": "Fine Fox", "href": "../products/fine-fox.html"}, {"text": "Cherry Locks", "href": "../collections/bob-girl/products/cherry-locks.html"}, {"text": "First Impression of Soft Madame", "href": "news/first-impression-of-soft-madame.html"}, {"text": "First Impression of Fine Fox", "href": "news/first-impression-of-fine-fox.html"}, {"text": "First Impression of Sweet Siren", "href": "news/first-impression-of-sweet-siren.html"}, {"text": "First Impression of Dreamy Halo", "href": "news/first-impression-of-dreamy-halo.html"}, {"text": "First Impression of Midnight Muse", "href": "news/first-impression-of-midnight-muse.html"}, {"text": "Regirl ✨ 🇳🇬", "href": "../index.html"}, {"text": "", "href": "https://www.shopify.com?utm_campaign=poweredby&utm_medium=shopify&utm_source=onlinestore"}, {"text": "Continue shopping", "href": "../collections/all.html"}, {"text": "View cart ()", "href": "https://www.regirlworld.ng/cart"}]}
{"id": "chunk_300_500", "start_word": 300, "end_word": 499, "text": "Impression of Pop Princess Uche Ogbonna Aug 29, 2025 First Impression of Mother Uche Ogbonna Aug 29, 2025 First Impression of Midnight Muse Uche Ogbonna Aug 29, 2025 First Impression of Urban Wonder Uche Ogbonna Aug 29, 2025 First Impression of Dreamy Halo Uche Ogbonna Aug 29, 2025 First Impression of Fine Fox Uche Ogbonna Aug 29, 2025 First Impression of Classic Cougar Uche Ogbonna Aug 29, 2025 First Impression of Sweet Siren Uche Ogbonna Aug 29, 2025 First Impression of Soft Madame Uche Ogbonna Aug 29, 2025 First Impression of Ripple Flex Uche Ogbonna Aug 29, 2025 First Impression of Soft Girl Uche Ogbonna Aug 29, 2025 First Impression of Cosmo Chic Uche Ogbonna Aug 29, 2025 Back to top Effortless Glam straight out of the box. support@regirlworld.com Message us on WhatsApp Our inner circle is a party! Stay up to date with product launches, exclusive events, community treats & sweet deals straight to your inbox. Email Subscribe Resources Gift Cards Affiliate Program Return Policy Shipping Information Delivery Information Loyalty Program and Streak Rewards Best Sellers Soft Madame Spicy Icon Dreamy Halo Sweet Siren Retro Flair Fine Fox Cherry Locks First Impressions First Impression of Soft Madame First Impression", "source": "html_files\\blogs\\news.1.html", "chunk_index": 2, "title": "News\n– Regirl ✨ 🇳🇬", "headings": ["Just for you", "Popular Search", "Cherry Locks", "Cherry Locks", "Cherry Locks", "Cherry Locks", "City Charmer", "City Charmer", "City Charmer", "City Charmer", "Classic Cougar", "Classic Cougar", "Classic Cougar", "Classic Cougar", "Cosmo Chic", "Cosmo Chic", "Cosmo Chic", "Cosmo Chic", "Just for you", "News", "First Impression of Dream Girl", "First Impression of Spicy Icon", "First Impression of Cherry Locks", "First Impression of Sleek Charmer", "First Impression of Pop Princess", "First Impression of Mother", "First Impression of Midnight Muse", "First Impression of Urban Wonder", "First Impression of Dreamy Halo", "First Impression of Fine Fox", "First Impression of Classic Cougar", "First Impression of Sweet Siren", "First Impression of Soft Madame", "First Impression of Ripple Flex", "First Impression of Soft Girl", "First Impression of Cosmo Chic", "Quick viewSelect variant", "Cart"], "links": [{"text": "Skip to content", "href": "news.1.html#mainContent"}, {"text": "SHOP NOW", "href": "../collections/all.html"}, {"text": "SHOP NOW", "href": "../collections/all.html"}, {"text": "", "href": "../index.html"}, {"text": "Shop Styles", "href": "news.1.html#"}, {"text": "All Wigs", "href": "../collections/all.html"}, {"text": "Layered Wigs", "href": "../collections/layered-hair-extensions-hairstyles.html"}, {"text": "Bouncy Curl Wigs", "href": "../collections/curly-hair-extensions-hairstyles.html"}, {"text": "Highlight Wigs", "href": "../collections/highlight-wigs.html"}, {"text": "Straight Hair Wigs", "href": "../collections/straight-hair-extensions-hairstyles.html"}, {"text": "Fringe Wigs", "href": "../collections/fringe-wigs.html"}, {"text": "Headband Wigs", "href": "../collections/headband-wigs.html"}, {"text": "Ponytails", "href": "../collections/pony-girl.html"}, {"text": "Closure Wigs", "href": "../collections/closure-wigs.html"}, {"text": "All Wigs", "href": "../collections/all.html"}, {"text": "Layered Wigs", "href": "../collections/layered-hair-extensions-hairstyles.html"}, {"text": "Bouncy Curl Wigs", "href": "../collections/curly-hair-extensions-hairstyles.html"}, {"text": "Highlight Wigs", "href": "../collections/highlight-wigs.html"}, {"text": "Straight Hair Wigs", "href": "../collections/straight-hair-extensions-hairstyles.html"}, {"text": "Fringe Wigs", "href": "../collections/fringe-wigs.html"}, {"text": "Headband Wigs", "href": "../collections/headband-wigs.html"}, {"text": "Ponytails", "href": "../collections/pony-girl.html"}, {"text": "Closure Wigs", "href": "../collections/closure-wigs.html"}, {"text": "Shop Your Vibe", "href": "news.1.html#"}, {"text": "Glam era", "href": "../collections/glam-girl.html"}, {"text": "Pony era", "href": "../collections/pony-girl.html"}, {"text": "Bob era", "href": "../collections/bob-girl.html"}, {"text": "Grab n Go", "href": "../collections/grab-n-go-era.html"}, {"text": "Glam era", "href": "../collections/glam-girl.html"}, {"text": "Pony era", "href": "../collections/pony-girl.html"}, {"text": "Bob era", "href": "../collections/bob-girl.html"}, {"text": "Grab n Go", "href": "../collections/grab-n-go-era.html"}, {"text": "Shop More", "href": "news.1.html#"}, {"text": "Gift Cards", "href": "../pages/gift-cards.html"}, {"text": "Gift Cards", "href": "../pages/gift-cards.html"}, {"text": "", "href": "../products/pop-princess.html"}, {"text": "Pop Princess", "href": "../products/pop-princess.html"}, {"text": "", "href": "../products/sweet-siren.html"}, {"text": "Sweet Siren", "href": "../products/sweet-siren.html"}, {"text": "About the Science", "href": "../pages/about-the-science.html"}, {"text": "BTS", "href": "../pages/natural-girl-bts.html"}, {"text": "Streak Rewards", "href": "../pages/natural-girl-streak-star-rewards.html"}, {"text": "", "href": "https://www.regirlworld.ng/search"}, {"text": "", "href": "https://account.regirlworld.ng?locale=en&region_country=NG"}, {"text": "Cart00 items", "href": "https://www.regirlworld.ng/cart"}, {"text": "", "href": "../collections/bob-girl/products/cherry-locks.html"}, {"text": "Cherry Locks", "href": "../collections/bob-girl/products/cherry-locks.html"}, {"text": "Cherry Locks", "href": "../collections/bob-girl/products/cherry-locks.html"}, {"text": "Cherry Locks", "href": "../collections/bob-girl/products/cherry-locks.html"}, {"text": "Cherry Locks", "href": "../collections/bob-girl/products/cherry-locks.html"}, {"text": "", "href": "../collections/bob-girl/products/city-charmer.html"}, {"text": "City Charmer", "href": "../collections/bob-girl/products/city-charmer.html"}, {"text": "City Charmer", "href": "../collections/bob-girl/products/city-charmer.html"}, {"text": "City Charmer", "href": "../collections/bob-girl/products/city-charmer.html"}, {"text": "City Charmer", "href": "../collections/bob-girl/products/city-charmer.html"}, {"text": "", "href": "../collections/curlie-girl/products/classic-cougar.html"}, {"text": "Classic Cougar", "href": "../collections/curlie-girl/products/classic-cougar.html"}, {"text": "Classic Cougar", "href": "../collections/curlie-girl/products/classic-cougar.html"}, {"text": "Classic Cougar", "href": "../collections/curlie-girl/products/classic-cougar.html"}, {"text": "Classic Cougar", "href": "../collections/curlie-girl/products/classic-cougar.html"}, {"text": "", "href": "../collections/curlie-girl/products/cosmo-chic.html"}, {"text": "Cosmo Chic", "href": "../collections/curlie-girl/products/cosmo-chic.html"}, {"text": "Cosmo Chic", "href": "../collections/curlie-girl/products/cosmo-chic.html"}, {"text": "Cosmo Chic", "href": "../collections/curlie-girl/products/cosmo-chic.html"}, {"text": "Cosmo Chic", "href": "../collections/curlie-girl/products/cosmo-chic.html"}, {"text": "Shop All", "href": "news.1.html#"}, {"text": "Shop Styles", "href": "news.1.html#"}, {"text": "All Wigs", "href": "../collections/all.html"}, {"text": "Layered Wigs", "href": "../collections/layered-hair-extensions-hairstyles.html"}, {"text": "Bouncy Curl Wigs", "href": "../collections/curly-hair-extensions-hairstyles.html"}, {"text": "Highlight Wigs", "href": "../collections/highlight-wigs.html"}, {"text": "Straight Hair Wigs", "href": "../collections/straight-hair-extensions-hairstyles.html"}, {"text": "Fringe Wigs", "href": "../collections/fringe-wigs.html"}, {"text": "Headband Wigs", "href": "../collections/headband-wigs.html"}, {"text": "Ponytails", "href": "../collections/pony-girl.html"}, {"text": "Closure Wigs", "href": "../collections/closure-wigs.html"}, {"text": "Shop Your Vibe", "href": "news.1.html#"}, {"text": "Glam era", "href": "../collections/glam-girl.html"}, {"text": "Pony era", "href": "../collections/pony-girl.html"}, {"text": "Bob era", "href": "../collections/bob-girl.html"}, {"text": "Grab n Go", "href": "../collections/grab-n-go-era.html"}, {"text": "Shop More", "href": "news.1.html#"}, {"text": "Gift Cards", "href": "../pages/gift-cards.html"}, {"text": "Behind Regirl", "href": "news.1.html#"}, {"text": "About the Science", "href": "../pages/about-the-science.html"}, {"text": "BTS", "href": "../pages/natural-girl-bts.html"}, {"text": "Streak Rewards", "href": "../pages/natural-girl-streak-star-rewards.html"}, {"text": "Account", "href": "news.1.html#"}, {"text": "Login", "href": "https://www.regirlworld.ng/blogs/href"}, {"text": "Create Account", "href": "https://www.regirlworld.ng/blogs/href"}, {"text": "", "href": "../products/pop-princess.html"}, {"text": "Pop Princess", "href": "../products/pop-princess.html"}, {"text": "", "href": "../products/sweet-siren.html"}, {"text": "Sweet Siren", "href": "../products/sweet-siren.html"}, {"text": "Home", "href": "../index.html"}, {"text": "", "href": "news.atom"}, {"text": "", "href": "news/first-impression-of-dream-girl.html"}, {"text": "First Impression of Dream Girl", "href": "news/first-impression-of-dream-girl.html"}, {"text": "", "href": "news/first-impression-of-spicy-icon.html"}, {"text": "First Impression of Spicy Icon", "href": "news/first-impression-of-spicy-icon.html"}, {"text": "", "href": "news/first-impression-of-cherry-locks.html"}, {"text": "First Impression of Cherry Locks", "href": "news/first-impression-of-cherry-locks.html"}, {"text": "", "href": "news/first-impression-of-sleek-charmer.html"}, {"text": "First Impression of Sleek Charmer", "href": "news/first-impression-of-sleek-charmer.html"}, {"text": "", "href": "news/first-impression-of-pop-princess.html"}, {"text": "First Impression of Pop Princess", "href": "news/first-impression-of-pop-princess.html"}, {"text": "", "href": "news/first-impression-of-mother.html"}, {"text": "First Impression of Mother", "href": "news/first-impression-of-mother.html"}, {"text": "", "href": "news/first-impression-of-midnight-muse.html"}, {"text": "First Impression of Midnight Muse", "href": "news/first-impression-of-midnight-muse.html"}, {"text": "", "href": "news/first-impression-of-urban-wonder.html"}, {"text": "First Impression of Urban Wonder", "href": "news/first-impression-of-urban-wonder.html"}, {"text": "", "href": "news/first-impression-of-dreamy-halo.html"}, {"text": "First Impression of Dreamy Halo", "href": "news/first-impression-of-dreamy-halo.html"}, {"text": "", "href": "news/first-impression-of-fine-fox.html"}, {"text": "First Impression of Fine Fox", "href": "news/first-impression-of-fine-fox.html"}, {"text": "", "href": "news/first-impression-of-classic-cougar.html"}, {"text": "First Impression of Classic Cougar", "href": "news/first-impression-of-classic-cougar.html"}, {"text": "", "href": "news/first-impression-of-sweet-siren.html"}, {"text": "First Impression of Sweet Siren", "href": "news/first-impression-of-sweet-siren.html"}, {"text": "", "href": "news/first-impression-of-soft-madame.html"}, {"text": "First Impression of Soft Madame", "href": "news/first-impression-of-soft-madame.html"}, {"text": "", "href": "news/first-impression-of-ripple-flex.html"}, {"text": "First Impression of Ripple Flex", "href": "news/first-impression-of-ripple-flex.html"}, {"text": "", "href": "news/first-impression-of-soft-girl.html"}, {"text": "First Impression of Soft Girl", "href": "news/first-impression-of-soft-girl.html"}, {"text": "", "href": "news/first-impression-of-cosmo-chic.html"}, {"text": "First Impression of Cosmo Chic", "href": "news/first-impression-of-cosmo-chic.html"}, {"text": "support@regirlworld.com", "href": "mailto:support@regirlworld.com"}, {"text": "Message us on WhatsApp", "href": "https:// wa.link/8lecga"}, {"text": "", "href": "https://www.instagram.com/regirlworld/"}, {"text": "", "href": "https://x.com/regirlworld"}, {"text": "", "href": "https://www.tiktok.com/@regirlworld"}, {"text": "Gift Cards", "href": "../pages/gift-cards.html"}, {"text": "Affiliate Program", "href": "../pages/affiliate.html"}, {"text": "Return Policy", "href": "../pages/return-policy.html"}, {"text": "Shipping Information", "href": "../pages/shipping-delivery-policy.html"}, {"text": "Delivery Information", "href": "../pages/delivery-info.html"}, {"text": "Loyalty Program and Streak Rewards", "href": "../pages/loyalty-program.html"}, {"text": "Soft Madame", "href": "../products/soft-madame.html"}, {"text": "Spicy Icon", "href": "../products/spicy-icon.html"}, {"text": "Dreamy Halo", "href": "../products/dreamy-halo.html"}, {"text": "Sweet Siren", "href": "../products/sweet-siren.html"}, {"text": "Retro Flair", "href": "../products/retro-flair.html"}, {"text": "Fine Fox", "href": "../products/fine-fox.html"}, {"text": "Cherry Locks", "href": "../collections/bob-girl/products/cherry-locks.html"}, {"text": "First Impression of Soft Madame", "href": "news/first-impression-of-soft-madame.html"}, {"text": "First Impression of Fine Fox", "href": "news/first-impression-of-fine-fox.html"}, {"text": "First Impression of Sweet Siren", "href": "news/first-impression-of-sweet-siren.html"}, {"text": "First Impression of Dreamy Halo", "href": "news/first-impression-of-dreamy-halo.html"}, {"text": "First Impression of Midnight Muse", "href": "news/first-impression-of-midnight-muse.html"}, {"text": "Regirl ✨ 🇳🇬", "href": "../index.html"}, {"text": "", "href": "https://www.shopify.com?utm_campaign=poweredby&utm_medium=shopify&utm_source=onlinestore"}, {"text": "Continue shopping", "href": "../collections/all.html"}, {"text": "View cart ()", "href": "https://www.regirlworld.ng/cart"}]}
{"id": "chunk_450_561", "start_word": 450, "end_word": 560, "text": "& sweet deals straight to your inbox. Email Subscribe Resources Gift Cards Affiliate Program Return Policy Shipping Information Delivery Information Loyalty Program and Streak Rewards Best Sellers Soft Madame Spicy Icon Dreamy Halo Sweet Siren Retro Flair Fine Fox Cherry Locks First Impressions First Impression of Soft Madame First Impression of Fine Fox First Impression of Sweet Siren First Impression of Dreamy Halo First Impression of Midnight Muse © Regirl ✨ 🇳🇬 Payment methods Quick view Select variant Cart 0 Your cart is empty Continue shopping > Product added to cart! View cart ( ) Check out Choosing a selection results in a full page refresh. Opens in a new window.", "source": "html_files\\blogs\\news.1.html", "chunk_index": 3, "title": "News\n– Regirl ✨ 🇳🇬", "headings": ["Just for you", "Popular Search", "Cherry Locks", "Cherry Locks", "Cherry Locks", "Cherry Locks", "City Charmer", "City Charmer", "City Charmer", "City Charmer", "Classic Cougar", "Classic Cougar", "Classic Cougar", "Classic Cougar", "Cosmo Chic", "Cosmo Chic", "Cosmo Chic", "Cosmo Chic", "Just for you", "News", "First Impression of Dream Girl", "First Impression of Spicy Icon", "First Impression of Cherry Locks", "First Impression of Sleek Charmer", "First Impression of Pop Princess", "First Impression of Mother", "First Impression of Midnight Muse", "First Impression of Urban Wonder", "First Impression of Dreamy Halo", "First Impression of Fine Fox", "First Impression of Classic Cougar", "First Impression of Sweet Siren", "First Impression of Soft Madame", "First Impression of Ripple Flex", "First Impression of Soft Girl", "First Impression of Cosmo Chic", "Quick viewSelect variant", "Cart"], "links": [{"text": "Skip to content", "href": "news.1.html#mainContent"}, {"text": "SHOP NOW", "href": "../collections/all.html"}, {"text": "SHOP NOW", "href": "../collections/all.html"}, {"text": "", "href": "../index.html"}, {"text": "Shop Styles", "href": "news.1.html#"}, {"text": "All Wigs", "href": "../collections/all.html"}, {"text": "Layered Wigs", "href": "../collections/layered-hair-extensions-hairstyles.html"}, {"text": "Bouncy Curl Wigs", "href": "../collections/curly-hair-extensions-hairstyles.html"}, {"text": "Highlight Wigs", "href": "../collections/highlight-wigs.html"}, {"text": "Straight Hair Wigs", "href": "../collections/straight-hair-extensions-hairstyles.html"}, {"text": "Fringe Wigs", "href": "../collections/fringe-wigs.html"}, {"text": "Headband Wigs", "href": "../collections/headband-wigs.html"}, {"text": "Ponytails", "href": "../collections/pony-girl.html"}, {"text": "Closure Wigs", "href": "../collections/closure-wigs.html"}, {"text": "All Wigs", "href": "../collections/all.html"}, {"text": "Layered Wigs", "href": "../collections/layered-hair-extensions-hairstyles.html"}, {"text": "Bouncy Curl Wigs", "href": "../collections/curly-hair-extensions-hairstyles.html"}, {"text": "Highlight Wigs", "href": "../collections/highlight-wigs.html"}, {"text": "Straight Hair Wigs", "href": "../collections/straight-hair-extensions-hairstyles.html"}, {"text": "Fringe Wigs", "href": "../collections/fringe-wigs.html"}, {"text": "Headband Wigs", "href": "../collections/headband-wigs.html"}, {"text": "Ponytails", "href": "../collections/pony-girl.html"}, {"text": "Closure Wigs", "href": "../collections/closure-wigs.html"}, {"text": "Shop Your Vibe", "href": "news.1.html#"}, {"text": "Glam era", "href": "../collections/glam-girl.html"}, {"text": "Pony era", "href": "../collections/pony-girl.html"}, {"text": "Bob era", "href": "../collections/bob-girl.html"}, {"text": "Grab n Go", "href": "../collections/grab-n-go-era.html"}, {"text": "Glam era", "href": "../collections/glam-girl.html"}, {"text": "Pony era", "href": "../collections/pony-girl.html"}, {"text": "Bob era", "href": "../collections/bob-girl.html"}, {"text": "Grab n Go", "href": "../collections/grab-n-go-era.html"}, {"text": "Shop More", "href": "news.1.html#"}, {"text": "Gift Cards", "href": "../pages/gift-cards.html"}, {"text": "Gift Cards", "href": "../pages/gift-cards.html"}, {"text": "", "href": "../products/pop-princess.html"}, {"text": "Pop Princess", "href": "../products/pop-princess.html"}, {"text": "", "href": "../products/sweet-siren.html"}, {"text": "Sweet Siren", "href": "../products/sweet-siren.html"}, {"text": "About the Science", "href": "../pages/about-the-science.html"}, {"text": "BTS", "href": "../pages/natural-girl-bts.html"}, {"text": "Streak Rewards", "href": "../pages/natural-girl-streak-star-rewards.html"}, {"text": "", "href": "https://www.regirlworld.ng/search"}, {"text": "", "href": "https://account.regirlworld.ng?locale=en&region_country=NG"}, {"text": "Cart00 items", "href": "https://www.regirlworld.ng/cart"}, {"text": "", "href": "../collections/bob-girl/products/cherry-locks.html"}, {"text": "Cherry Locks", "href": "../collections/bob-girl/products/cherry-locks.html"}, {"text": "Cherry Locks", "href": "../collections/bob-girl/products/cherry-locks.html"}, {"text": "Cherry Locks", "href": "../collections/bob-girl/products/cherry-locks.html"}, {"text": "Cherry Locks", "href": "../collections/bob-girl/products/cherry-locks.html"}, {"text": "", "href": "../collections/bob-girl/products/city-charmer.html"}, {"text": "City Charmer", "href": "../collections/bob-girl/products/city-charmer.html"}, {"text": "City Charmer", "href": "../collections/bob-girl/products/city-charmer.html"}, {"text": "City Charmer", "href": "../collections/bob-girl/products/city-charmer.html"}, {"text": "City Charmer", "href": "../collections/bob-girl/products/city-charmer.html"}, {"text": "", "href": "../collections/curlie-girl/products/classic-cougar.html"}, {"text": "Classic Cougar", "href": "../collections/curlie-girl/products/classic-cougar.html"}, {"text": "Classic Cougar", "href": "../collections/curlie-girl/products/classic-cougar.html"}, {"text": "Classic Cougar", "href": "../collections/curlie-girl/products/classic-cougar.html"}, {"text": "Classic Cougar", "href": "../collections/curlie-girl/products/classic-cougar.html"}, {"text": "", "href": "../collections/curlie-girl/products/cosmo-chic.html"}, {"text": "Cosmo Chic", "href": "../collections/curlie-girl/products/cosmo-chic.html"}, {"text": "Cosmo Chic", "href": "../collections/curlie-girl/products/cosmo-chic.html"}, {"text": "Cosmo Chic", "href": "../collections/curlie-girl/products/cosmo-chic.html"}, {"text": "Cosmo Chic", "href": "../collections/curlie-girl/products/cosmo-chic.html"}, {"text": "Shop All", "href": "news.1.html#"}, {"text": "Shop Styles", "href": "news.1.html#"}, {"text": "All Wigs", "href": "../collections/all.html"}, {"text": "Layered Wigs", "href": "../collections/layered-hair-extensions-hairstyles.html"}, {"text": "Bouncy Curl Wigs", "href": "../collections/curly-hair-extensions-hairstyles.html"}, {"text": "Highlight Wigs", "href": "../collections/highlight-wigs.html"}, {"text": "Straight Hair Wigs", "href": "../collections/straight-hair-extensions-hairstyles.html"}, {"text": "Fringe Wigs", "href": "../collections/fringe-wigs.html"}, {"text": "Headband Wigs", "href": "../collections/headband-wigs.html"}, {"text": "Ponytails", "href": "../collections/pony-girl.html"}, {"text": "Closure Wigs", "href": "../collections/closure-wigs.html"}, {"text": "Shop Your Vibe", "href": "news.1.html#"}, {"text": "Glam era", "href": "../collections/glam-girl.html"}, {"text": "Pony era", "href": "../collections/pony-girl.html"}, {"text": "Bob era", "href": "../collections/bob-girl.html"}, {"text": "Grab n Go", "href": "../collections/grab-n-go-era.html"}, {"text": "Shop More", "href": "news.1.html#"}, {"text": "Gift Cards", "href": "../pages/gift-cards.html"}, {"text": "Behind Regirl", "href": "news.1.html#"}, {"text": "About the Science", "href": "../pages/about-the-science.html"}, {"text": "BTS", "href": "../pages/natural-girl-bts.html"}, {"text": "Streak Rewards", "href": "../pages/natural-girl-streak-star-rewards.html"}, {"text": "Account", "href": "news.1.html#"}, {"text": "Login", "href": "https://www.regirlworld.ng/blogs/href"}, {"text": "Create Account", "href": "https://www.regirlworld.ng/blogs/href"}, {"text": "", "href": "../products/pop-princess.html"}, {"text": "Pop Princess", "href": "../products/pop-princess.html"}, {"text": "", "href": "../products/sweet-siren.html"}, {"text": "Sweet Siren", "href": "../products/sweet-siren.html"}, {"text": "Home", "href": "../index.html"}, {"text": "", "href": "news.atom"}, {"text": "", "href": "news/first-impression-of-dream-girl.html"}, {"text": "First Impression of Dream Girl", "href": "news/first-impression-of-dream-girl.html"}, {"text": "", "href": "news/first-impression-of-spicy-icon.html"}, {"text": "First Impression of Spicy Icon", "href": "news/first-impression-of-spicy-icon.html"}, {"text": "", "href": "news/first-impression-of-cherry-locks.html"}, {"text": "First Impression of Cherry Locks", "href": "news/first-impression-of-cherry-locks.html"}, {"text": "", "href": "news/first-impression-of-sleek-charmer.html"}, {"text": "First Impression of Sleek Charmer", "href": "news/first-impression-of-sleek-charmer.html"}, {"text": "", "href": "news/first-impression-of-pop-princess.html"}, {"text": "First Impression of Pop Princess", "href": "news/first-impression-of-pop-princess.html"}, {"text": "", "href": "news/first-impression-of-mother.html"}, {"text": "First Impression of Mother", "href": "news/first-impression-of-mother.html"}, {"text": "", "href": "news/first-impression-of-midnight-muse.html"}, {"text": "First Impression of Midnight Muse", "href": "news/first-impression-of-midnight-muse.html"}, {"text": "", "href": "news/first-impression-of-urban-wonder.html"}, {"text": "First Impression of Urban Wonder", "href": "news/first-impression-of-urban-wonder.html"}, {"text": "", "href": "news/first-impression-of-dreamy-halo.html"}, {"text": "First Impression of Dreamy Halo", "href": "news/first-impression-of-dreamy-halo.html"}, {"text": "", "href": "news/first-impression-of-fine-fox.html"}, {"text": "First Impression of Fine Fox", "href": "news/first-impression-of-fine-fox.html"}, {"text": "", "href": "news/first-impression-of-classic-cougar.html"}, {"text": "First Impression of Classic Cougar", "href": "news/first-impression-of-classic-cougar.html"}, {"text": "", "href": "news/first-impression-of-sweet-siren.html"}, {"text": "First Impression of Sweet Siren", "href": "news/first-impression-of-sweet-siren.html"}, {"text": "", "href": "news/first-impression-of-soft-madame.html"}, {"text": "First Impression of Soft Madame", "href": "news/first-impression-of-soft-madame.html"}, {"text": "", "href": "news/first-impression-of-ripple-flex.html"}, {"text": "First Impression of Ripple Flex", "href": "news/first-impression-of-ripple-flex.html"}, {"text": "", "href": "news/first-impression-of-soft-girl.html"}, {"text": "First Impression of Soft Girl", "href": "news/first-impression-of-soft-girl.html"}, {"text": "", "href": "news/first-impression-of-cosmo-chic.html"}, {"text": "First Impression of Cosmo Chic", "href": "news/first-impression-of-cosmo-chic.html"}, {"text": "support@regirlworld.com", "href": "mailto:support@regirlworld.com"}, {"text": "Message us on WhatsApp", "href": "https:// wa.link/8lecga"}, {"text": "", "href": "https://www.instagram.com/regirlworld/"}, {"text": "", "href": "https://x.com/regirlworld"}, {"text": "", "href": "https://www.tiktok.com/@regirlworld"}, {"text": "Gift Cards", "href": "../pages/gift-cards.html"}, {"text": "Affiliate Program", "href": "../pages/affiliate.html"}, {"text": "Return Policy", "href": "../pages/return-policy.html"}, {"text": "Shipping Information", "href": "../pages/shipping-delivery-policy.html"}, {"text": "Delivery Information", "href": "../pages/delivery-info.html"}, {"text": "Loyalty Program and Streak Rewards", "href": "../pages/loyalty-program.html"}, {"text": "Soft Madame", "href": "../products/soft-madame.html"}, {"text": "Spicy Icon", "href": "../products/spicy-icon.html"}, {"text": "Dreamy Halo", "href": "../products/dreamy-halo.html"}, {"text": "Sweet Siren", "href": "../products/sweet-siren.html"}, {"text": "Retro Flair", "href": "../products/retro-flair.html"}, {"text": "Fine Fox", "href": "../products/fine-fox.html"}, {"text": "Cherry Locks", "href": "../collections/bob-girl/products/cherry-locks.html"}, {"text": "First Impression of Soft Madame", "href": "news/first-impression-of-soft-madame.html"}, {"text": "First Impression of Fine Fox", "href": "news/first-impression-of-fine-fox.html"}, {"text": "First Impression of Sweet Siren", "href": "news/first-impression-of-sweet-siren.html"}, {"text": "First Impression of Dreamy Halo", "href": "news/first-impression-of-dreamy-halo.html"}, {"text": "First Impression of Midnight Muse", "href": "news/first-impression-of-midnight-muse.html"}, {"text": "Regirl ✨ 🇳🇬", "href": "../index.html"}, {"text": "", "href": "https://www.shopify.com?utm_campaign=poweredby&utm_medium=shopify&utm_source=onlinestore"}, {"text": "Continue shopping", "href": "../collections/all.html"}, {"text": "View cart ()", "href": "https://www.regirlworld.ng/cart"}]}
